allometry_ID,taxonID,freq,allometry_ID,acceptedTaxonID,taxonRank,family,genus,specificEpithet,spg_gcm3,density_source,need_density,decid_vs_ever,decid_vs_ever_source,woodland_vs_forest,woodland_vs_forest_source
,ABLO,683,,ABLO,species,Pinaceae,Abies,lowiana,0.347,average of 8 NA species in Zanne et al 2009,yes,,,forest,http://usnvc.org/explore-classification/
,ABPR,4,,ABPR,species,Pinaceae,Abies,procera,0.37,Zanne et al 2009,yes,,,forest,http://usnvc.org/explore-classification/
,JUCO6,46,,JUCO6,species,Cupressaceae,Juniperus,communis,0.517,Zanne et al 2009,yes,,,forest,10 of 19 associations forested in http://usnvc.org/explore-classification/ 
,THUJA,73,,THUJA,genus,Cupressaceae,Thuja,sp.,0.3,average of 2 NA species in Zanne et al 2009,yes,,,forest,http://usnvc.org/explore-classification/
,JUSC2,1,,JUSC2,species,Cupressaceae,Juniperus,scopulorum,0.447,average of 3 NA species in Zanne et al 2009,yes,,,woodland,http://usnvc.org/explore-classification/
,JUNIP,349,,JUNIP,genus,Cupressaceae,Juniperus,sp.,0.447,average of 3 NA species in Zanne et al 2009,yes,,,woodland,http://usnvc.org/explore-classification/
,PICL,5,,PICL,species,Pinaceae,Pinus,clausa,0.460,Zanne et al 2009,yes,,,woodland,6 of 9 associations woodland in http://usnvc.org/explore-classification/ 
,ACGL,2,,ACGL,species,Aceraceae,Acer,glabrum,0.468,average of 8 NA species in Zanne et al 2009,yes,,,,
,ACGLD4,1,,ACGLD4,variety,Aceraceae,Acer,glabrum,0.468,average of 8 NA species in Zanne et al 2009,yes,,,,
,ALNUS,1711,,ALNUS,genus,Betulaceae,Alnus,sp.,0.37,average of 1 NA specie in Zanne et al 2009,yes,,,,
,BEGL,13,,BEGL,species,Betulaceae,Betula,glandulosa,0.517,average of 6 NA species in Zanne et al 2009,yes,,,,
,BEGL/BENA,2448,,BEGL/BENA,speciesGroup,Betulaceae,Betula,,0.517,average of 6 NA species in Zanne et al 2009,yes,,,,
,CACAV,38,,CACAV,subspecies,Betulaceae,Carpinus,caroliniana,0.58,Zanne et al 2009,yes,,,,
,CACA38,1,,CACA38,species,Juglandaceae,Carya,carolinae-septentrionalis,0.611,average of 10 NA species in Zanne et al 2009,yes,,,,
,COAM3,3,,COAM3,species,Betulaceae,Corylus,americana,unknown,genus not in Zanne et al 2009,yes,,,,
,COCOC2,2,,COCOC2,variety,Betulaceae,Corylus,cornuta,unknown,genus not in Zanne et al 2009,yes,,,,
,FOAC,2,,FOAC,species,Oleaceae,Forestiera,acuminata,unknown,genus not in Zanne et al 2009,yes,,,,
,FRAM2/FRPE,19,,FRAM2/FRPE,speciesGroup,Oleaceae,Fraxinus,americana/pennsylvanica,0.550,Zanne et al 2009,yes,,,,
,JAFL,329,,JAFL,species,Oleaceae,Jasminum,fluminense,unknown,genus not in Zanne et al 2009,yes,,,,
,JUGLA,4,,JUGLA,genus,Juglandaceae,Juglans,sp.,0.467,average of 3 NA species in Zanne et al 2009,yes,,,,
,LIJA,27,,LIJA,species,Oleaceae,Ligustrum,japonicum,unknown,genus not in Zanne et al 2009,yes,,,,
,LISI,642,,LISI,species,Oleaceae,Ligustrum,sinense,unknown,genus not in Zanne et al 2009,yes,,,,
,LIVU,39,,LIVU,species,Oleaceae,Ligustrum,vulgare,0.805,Zanne et al 2009,yes,,,,
,SAAL,3,,SAAL,species,Salicaceae,Salix,alaxensis,0.375,average of 2 NA species in Zanne et al 2009,yes,,,,
,SACA4,2,,SACA4,species,Salicaceae,Salix,candida,0.375,average of 2 NA species in Zanne et al 2009,yes,,,,
,SAGL,232,,SAGL,species,Salicaceae,Salix,glauca,0.375,average of 2 NA species in Zanne et al 2009,yes,,,,
,SAMY,7,,SAMY,species,Salicaceae,Salix,myrtillifolia,0.375,average of 2 NA species in Zanne et al 2009,yes,,,,
,SAPE5,1,,SAPE5,species,Salicaceae,Salix,petiolaris,0.375,average of 2 NA species in Zanne et al 2009,yes,,,,
,SAPU15,1290,,SAPU15,species,Salicaceae,Salix,pulchra,0.375,average of 2 NA species in Zanne et al 2009,yes,,,,
,SARI4,2,,SARI4,species,Salicaceae,Salix,richardsonii,0.375,average of 2 NA species in Zanne et al 2009,yes,,,,
,CHSE11,2,,CHSE11,species,Fagaceae,Chrysolepis,sempervirens,,,no,ever,calscape.org,forest,http://usnvc.org/explore-classification/
,QUIN7,2,,QUIN7,species,Fagaceae,Quercus,inopina,,,no,ever,www.efloras.org ,woodland,http://usnvc.org/explore-classification/
,CASTA,222,,CASTA,genus,Fagaceae,Castanea,sp.,,,no,decid,www.efloras.org ,forest,http://usnvc.org/explore-classification/
,QUMA13,2987,,QUMA13,species,Fagaceae,Quercus,margaretta,,,no,decid,https://aggie-horticulture.tamu.edu/ornamentals/natives/QUERCUSMARGARETTA.HTM ,forest,http://usnvc.org/explore-classification/
,QUPU80,3,,QUPU80,species,Fagaceae,Quercus,pumila,,,no,decid,www.efloras.org ,woodland,http://usnvc.org/explore-classification/
H9,ABPR3,1,,ABPR3,species,Fabaceae,Abrus,precatorius,,,no,,,,
H9,ACFA,92,,ACFA,species,Fabaceae,Acacia,farnesiana,,,no,,,,
H9,ACRE4,71,,ACRE4,species,Fabaceae,Acacia,retusa,,,no,,,,
H13,AEPA,107,,AEPA,species,Hippocastanaceae,Aesculus,pavia,,,no,,,,
H9,AMFR,51,,AMFR,species,Fabaceae,Amorpha,fruticosa,,,no,,,,
H9,CERCI2,3,,CERCI2,genus,Fabaceae,Cercis,sp.,,,no,,,,
H9,CLADR,3,,CLADR,genus,Fabaceae,Cladrastis,sp.,,,no,,,,
H9,CLTE3,8,,CLTE3,species,Fabaceae,Clitoria,ternatea,,,no,,,,
H9,GAST2,43,,GAST2,species,Fabaceae,Galactia,striata,,,no,,,,
H9,HACA2,9,,HACA2,species,Fabaceae,Haematoxylum,campechianum,,,no,,,,
H12,HAVI4,1409,,HAVI4,species,Hamamelidaceae,Hamamelis,virginiana,,,no,,,,
H9,LAJAM,1,,LAJAM,variety,Fabaceae,Lathyrus,japonicus,,,no,,,,
H9,LEBI2,19,,LEBI2,species,Fabaceae,Lespedeza,bicolor,,,no,,,,
H9,LUAL4,81,,LUAL4,species,Fabaceae,Lupinus,albifrons,,,no,,,,
H14,MAGNO,226,,MAGNO,genus,Magnoliaceae,Magnolia,sp.,,,no,,,,
H9,PARKI2,51,,PARKI2,genus,Fabaceae,Parkinsonia,sp.,,,no,,,,
H9,PIUN,171,,PIUN,species,Fabaceae,Pithecellobium,unguis-cati,,,no,,,,
H9,POFL20,42,,POFL20,species,Fabaceae,Poitea,florida,,,no,,,,
H9,POPA34,4,,POPA34,species,Fabaceae,Poitea,paucifolia,,,no,,,,
H9,WISTE,4,,WISTE,genus,Fabaceae,Wisteria,sp.,,,no,,,,
H9,ZAPO2,27,,ZAPO2,species,Fabaceae,Zapoteca,portoricensis,,,no,,,,
H9,FABACE,49,,FABACE,family,Fabaceae,,sp.,,,no,,,,
,AMAL2,9,,AMAL2,species,Rosaceae,Amelanchier,alnifolia,,,,,,forest,17 of 21 associations forested in http://usnvc.org/explore-classification/ 
,CRCR2,9,,CRCR2,species,Rosaceae,Crataegus,crus-galli,,,,,,forest,http://usnvc.org/explore-classification/
,CRMA3,20,,CRMA3,species,Rosaceae,Crataegus,macrosperma,,,,,,forest,http://usnvc.org/explore-classification/
,CRATASPP,72,,CRATASPP,genus,Rosaceae,Crataegus,spp.,,,,,,forest,http://usnvc.org/explore-classification/
,HODI,131,,HODI,species,Rosaceae,Holodiscus,discolor,,,,,,forest,14 of 15 associations forested in http://usnvc.org/explore-classification/ 
,MALUS,1,,MALUS,genus,Rosaceae,Malus,sp.,,,,,,forest,http://usnvc.org/explore-classification/
,OECE,3,,OECE,species,Rosaceae,Oemleria,cerasiformis,,,,,,forest,http://usnvc.org/explore-classification/
,RHSC3,11,,RHSC3,species,Rosaceae,Rhodotypos,scandens,,,,,,forest,USDA plants range distribution
,ROGY,5,,ROGY,species,Rosaceae,Rosa,gymnocarpa,,,,,,forest,http://usnvc.org/explore-classification/
,ROMU,656,,ROMU,species,Rosaceae,Rosa,multiflora,,,,,,forest,http://usnvc.org/explore-classification/
,RUAL,21,,RUAL,species,Rosaceae,Rubus,allegheniensis,,,,,,forest,http://usnvc.org/explore-classification/
,RUHA,16,,RUHA,species,Rosaceae,Rubus,hawaiensis,,,,,,forest,http://usnvc.org/explore-classification/
,RULA,10,,RULA,species,Rosaceae,Rubus,laciniatus,,,,,,forest,USDA plants range distribution
,RULE,14,,RULE,species,Rosaceae,Rubus,leucodermis,,,,,,forest,calflora.org
,RUOC,2,,RUOC,species,Rosaceae,Rubus,occidentalis,,,,,,forest,http://usnvc.org/explore-classification/
,RUPA,2,,RUPA,species,Rosaceae,Rubus,parviflorus,,,,,,forest,http://usnvc.org/explore-classification/
,RUPH,145,,RUPH,species,Rosaceae,Rubus,phoenicolasius,,,,,,forest,5 of 6 associations forested in http://usnvc.org/explore-classification/ 
,RUBUS,26,,RUBUS,genus,Rosaceae,Rubus,sp.,,,,,,forest,http://usnvc.org/explore-classification/
,RUSP,156,,RUSP,species,Rosaceae,Rubus,spectabilis,,,,,,forest,http://usnvc.org/explore-classification/
,SORBU,1,,SORBU,genus,Rosaceae,Sorbus,sp.,,,,,,forest,http://usnvc.org/explore-classification/
,SPDOD,30,,SPDOD,variety,Rosaceae,Spiraea,douglasii,,,,,,forest,http://usnvc.org/explore-classification/
,SPST3,1,,SPST3,species,Rosaceae,Spiraea,stevenii,,,,,,forest,http://usnvc.org/explore-classification/
,AMAR3,38,,AMAR3,species,Rosaceae,Amelanchier,arborea,,,,,,woodland,http://usnvc.org/explore-classification/
,CRCH,45,,CRCH,species,Rosaceae,Crataegus,chrysocarpa,,,,,,woodland,http://usnvc.org/explore-classification/
,CRFL2,74,,CRFL2,species,Rosaceae,Crataegus,flava,,,,,,woodland,http://usnvc.org/explore-classification/
,DAFRF,39,,DAFRF,subspecies,Rosaceae,Dasiphora,fruticosa,,,,,,woodland,http://usnvc.org/explore-classification/
,PHPY4,3,,PHPY4,species,Rosaceae,Photinia,pyrifolia,,,,,,woodland,http://usnvc.org/explore-classification/
,PUTR2,591,,PUTR2,species,Rosaceae,Purshia,tridentata,,,,,,woodland,http://usnvc.org/explore-classification/
,ROAR3,2,,ROAR3,species,Rosaceae,Rosa,arkansana,,,,,,woodland,http://usnvc.org/explore-classification/
,RUAR9,26,,RUAR9,species,Rosaceae,Rubus,armeniacus,,,,,,woodland,http://usnvc.org/explore-classification/
,RUOK,77,,RUOK,species,Rosaceae,Rubus,oklahomus,,,,,,woodland,https://biosurvey.ou.edu/shrub/rubu-okl.htm  
,RUPE3,4,,RUPE3,species,Rosaceae,Rubus,pensilvanicus,,,,,,woodland,http://usnvc.org/explore-classification/
,SPALL,4,,SPALL,variety,Rosaceae,Spiraea,alba,,,,,,woodland,http://usnvc.org/explore-classification/
H7,ABTH,3,,ABTH,species,Malvaceae,Abutilon,theophrasti,,,,,,,
H7,ADRI,63,,ADRI,species,Euphorbiaceae,Adelia,ricinella,,,,,,,
H7,ALWR,53,,ALWR,species,Verbenaceae,Aloysia,wrightii,,,,,,,
H7,ALST11,7,,ALST11,species,Apocynaceae,Alyxia,stellata,,,,,,,
H7,AMAR5,107,,AMAR5,species,Vitaceae,Ampelopsis,arborea,,,,,,,
H7,AMCO2,50,,AMCO2,species,Vitaceae,Ampelopsis,cordata,,,,,,,
H7,ANTH2,6,,ANTH2,species,Acanthaceae,Anisacanthus,thurberi,,,,,,,
H7,ANAL12,1,,ANAL12,species,Monoblastiaceae,Anisomeridium,albisedum,,,,,,,
H7,ANAC4,54,,ANAC4,species,Rubiaceae,Antirhea,acutata,,,,,,,
H7,ARSP2,58,,ARSP2,species,Araliaceae,Aralia,spinosa,,,,,,,
H7,ARCO3,3,,ARCO3,species,Ericaceae,Arctostaphylos,columbiana,,,,,,,
H7,ARPA6,15,,ARPA6,species,Ericaceae,Arctostaphylos,patula,,,,,,,
H7,ARFA,10,,ARFA,species,Euphorbiaceae,Argythamnia,fasciculata,,,,,,,
H7,ARFI2,5,,ARFI2,species,Asteraceae,Artemisia,filifolia,,,,,,,
H7,ARNO4,286,,ARNO4,species,Asteraceae,Artemisia,nova,,,,,,,
H7,ARTR2,27747,,ARTR2,species,Asteraceae,Artemisia,tridentata,,,,,,,
H7,ARTRT2,4,,ARTRT2,subspecies,Asteraceae,Artemisia,tripartita,,,,,,,
H7,ASIN,1,,ASIN,species,Asclepiadaceae,Asclepias,incarnata,,,,,,,
H7,ASAN6,1,,ASAN6,species,Annonaceae,Asimina,angustifolia,,,,,,,
H7,ASIN12,24,,ASIN12,species,Annonaceae,Asimina,incana,,,,,,,
H7,ASPA18,2,,ASPA18,species,Annonaceae,Asimina,parviflora,,,,,,,
H7,ATCA2,2521,,ATCA2,species,Chenopodiaceae,Atriplex,canescens,,,,,,,
H7,ATCO,641,,ATCO,species,Chenopodiaceae,Atriplex,confertifolia,,,,,,,
H7,BABR,2,,BABR,species,Asteraceae,Baccharis,brachyphylla,,,,,,,
H7,BERA3,21,,BERA3,species,Ericaceae,Bejaria,racemosa,,,,,,,
H7,BETH,506,,BETH,species,Berberidaceae,Berberis,thunbergii,,,,,,,
H7,BEDI2,42,,BEDI2,species,Euphorbiaceae,Bernardia,dichotoma,,,,,,,
H7,BICA,146,,BICA,species,Bignoniaceae,Bignonia,capreolata,,,,,,,
H7,BIGNO,2,,BIGNO,genus,Bignoniaceae,Bignonia,sp.,,,,,,,
H7,BOURRSPP,2,,BOURRSPP,genus,Boraginaceae,Bourreria,spp.,,,,,,,
H7,BRAR6,2,,BRAR6,species,Hydrangeaceae,Broussaisia,arguta,,,,,,,
H7,BROV4,390,,BROV4,species,Polygonaceae,Brunnichia,ovata,,,,,,,
H7,BUGL,40,,BUGL,species,Malpighiaceae,Bunchosia,glandulosa,,,,,,,
H7,BUMI6,2,,BUMI6,species,Buxbaumiaceae,Buxbaumia,minakatae,,,,,,,
H7,CABOM,1,,CABOM,genus,Cabombaceae,Cabomba,sp.,,,,,,,
H7,CAAM2,319,,CAAM2,species,Verbenaceae,Callicarpa,americana,,,,,,,
H7,CAFL22,69,,CAFL22,species,Calycanthaceae,Calycanthus,floridus,,,,,,,
H7,CARA2,139,,CARA2,species,Bignoniaceae,Campsis,radicans,,,,,,,
H7,CAWI,1,,CAWI,species,Canellaceae,Canella,winterana,,,,,,,
H7,CAFL2,54,,CAFL2,species,Capparaceae,Capparis,flexuosa,,,,,,,
H7,CAIN5,23,,CAIN5,species,Capparaceae,Capparis,indica,,,,,,,
H7,CAOD3,5,,CAOD3,species,Asteraceae,Carphephorus,odoratissimus,,,,,,,
H7,CAAC3,26,,CAAC3,species,Flacourtiaceae,Casearia,aculeata,,,,,,,
H7,CASY2,39,,CASY2,species,Flacourtiaceae,Casearia,sylvestris,,,,,,,
H7,CAXY,18,,CAXY,species,Celastraceae,Cassine,xylocarpa,,,,,,,
H7,CAPA43,4,,CAPA43,species,Rubiaceae,Catesbaea,parviflora,,,,,,,
H7,CECO,4,,CECO,species,Rhamnaceae,Ceanothus,cordulatus,,,,,,,
H7,CECU,560,,CECU,species,Rhamnaceae,Ceanothus,cuneatus,,,,,,,
H7,CELE2,215,,CELE2,species,Rhamnaceae,Ceanothus,leucodermis,,,,,,,
H7,CEANO,41,,CEANO,genus,Rhamnaceae,Ceanothus,sp.,,,,,,,
H7,CECA,1,,CECA,species,Lamiaceae,Cedronella,canariensis,,,,,,,
H7,CEOR7,1593,,CEOR7,species,Celastraceae,Celastrus,orbiculatus,,,,,,,
H7,CENI,4,,CENI,species,Amaranthaceae,Celosia,nitida,,,,,,,
H7,CEEH,70,,CEEH,species,Ulmaceae,Celtis,ehrenbergiana,,,,,,,
H7,CEOC2,86,,CEOC2,species,Rubiaceae,Cephalanthus,occidentalis,,,,,,,
H7,CEPHA,1,,CEPHA,genus,Rubiaceae,Cephalanthus,sp.,,,,,,,
H7,CHAL8,2,,CHAL8,species,Rubiaceae,Chiococca,alba,,,,,,,
H7,CHSI,2,,CHSI,species,Asteraceae,Chromolaena,sinuata,,,,,,,
H7,CHVI8,343,,CHVI8,species,Asteraceae,Chrysothamnus,viscidiflorus,,,,,,,
H7,CIBOT,15,,CIBOT,genus,Dicksoniaceae,Cibotium,sp.,,,,,,,
H7,CITR2,10,,CITR2,species,Vitaceae,Cissus,trifoliata,,,,,,,
H7,CLMO5,4,,CLMO5,species,Campanulaceae,Clermontia,montis-loa,,,,,,,
H7,CLAC3,6,,CLAC3,species,Clethraceae,Clethra,acuminata,,,,,,,
H7,CLETH,7,,CLETH,genus,Clethraceae,Clethra,sp.,,,,,,,
H7,COKR,89,,COKR,species,Polygonaceae,Coccoloba,krugii,,,,,,,
H7,COMI,223,,COMI,species,Polygonaceae,Coccoloba,microstachya,,,,,,,
H7,COCCO,21,,COCCO,genus,Polygonaceae,Coccoloba,sp.,,,,,,,
H7,COCA,79,,COCA,species,Menispermaceae,Cocculus,carolinus,,,,,,,
H7,COAR3,29,,COAR3,species,Rhamnaceae,Colubrina,arborescens,,,,,,,
H7,COEL2,25,,COEL2,species,Rhamnaceae,Colubrina,elliptica,,,,,,,
H7,COLUB,1,,COLUB,genus,Rhamnaceae,Colubrina,sp.,,,,,,,
H7,COPE80,1,,COPE80,species,Myricaceae,Comptonia,peregrina,,,,,,,
H7,COMPT,2,,COMPT,genus,Myricaceae,Comptonia,sp.,,,,,,,
H7,COAM,1,,COAM,species,Orobanchaceae,Conopholis,americana,,,,,,,
H7,COER3,8,,COER3,species,Rubiaceae,Coprosma,ernodeoides,,,,,,,
H7,COPRO,48,,COPRO,genus,Rubiaceae,Coprosma,sp.,,,,,,,
H7,COAM2,14,,COAM2,species,Cornaceae,Cornus,amomum,,,,,,,
H7,COSE16,16,,COSE16,species,Cornaceae,Cornus,sericea,,,,,,,
H7,CORNU,8,,CORNU,genus,Cornaceae,Cornus,sp.,,,,,,,
H7,CORNUSPP,3,,CORNUSPP,genus,Cornaceae,Cornus,spp.,,,,,,,
H7,CRRH,46,,CRRH,species,Celastraceae,Crossopetalum,rhacoma,,,,,,,
H7,CROSS,4,,CROSS,genus,Celastraceae,Crossopetalum,sp.,,,,,,,
H7,CRBE4,6,,CRBE4,species,Euphorbiaceae,Croton,betulinus,,,,,,,
H7,CRDI8,28,,CRDI8,species,Euphorbiaceae,Croton,discolor,,,,,,,
H7,CRFL23,7,,CRFL23,species,Euphorbiaceae,Croton,flavens,,,,,,,
H7,CRLU2,537,,CRLU2,species,Euphorbiaceae,Croton,lucidus,,,,,,,
H7,CROTO,40,,CROTO,genus,Euphorbiaceae,Croton,sp.,,,,,,,
H7,CROTOSPP,1,,CROTOSPP,genus,Euphorbiaceae,Croton,spp.,,,,,,,
H7,DAWR2,5,,DAWR2,species,Solanaceae,Datura,wrightii,,,,,,,
H7,DIOSP,1031,,DIOSP,genus,Ebenaceae,Diospyros,sp.,,,,,,,
H7,DIPA9,250,,DIPA9,species,Thymelaeaceae,Dirca,palustris,,,,,,,
H7,DILA10,1222,,DILA10,species,Bignoniaceae,Distictis,lactiflora,,,,,,,
H7,DIFR6,18,,DIFR6,species,Euphorbiaceae,Ditrysinia,fruticosa,,,,,,,
H7,DUSC,1,,DUSC,species,Asteraceae,Dubautia,scabra,,,,,,,
H7,ELCO,204,,ELCO,species,Elaeagnaceae,Elaeagnus,commutata,,,,,,,
H7,ELUM,429,,ELUM,species,Elaeagnaceae,Elaeagnus,umbellata,,,,,,,
H7,ENFR,4,,ENFR,species,Asteraceae,Encelia,frutescens,,,,,,,
H7,EPTR,942,,EPTR,species,Ephedraceae,Ephedra,trifurca,,,,,,,
H7,EPVI,136,,EPVI,species,Ephedraceae,Ephedra,viridis,,,,,,,
H7,ERLA12,3,,ERLA12,species,Asteraceae,Ericameria,laricifolia,,,,,,,
H7,ERNAN5,6,,ERNAN5,variety,Asteraceae,Ericameria,nauseosa,,,,,,,
H7,ERFR4,10,,ERFR4,species,Rubiaceae,Erithalis,fruticosa,,,,,,,
H7,ERAR17,30,,ERAR17,species,Erythroxylaceae,Erythroxylum,areolatum,,,,,,,
H7,ERBR11,1,,ERBR11,species,Erythroxylaceae,Erythroxylum,brevipes,,,,,,,
H7,ERRO3,16,,ERRO3,species,Erythroxylaceae,Erythroxylum,rotundifolium,,,,,,,
H7,EUAX,12,,EUAX,species,Myrtaceae,Eugenia,axillaris,,,,,,,
H7,EUFO3,999,,EUFO3,species,Myrtaceae,Eugenia,foetida,,,,,,,
H7,EULI,43,,EULI,species,Myrtaceae,Eugenia,ligustrina,,,,,,,
H7,EUGEN,7,,EUGEN,genus,Myrtaceae,Eugenia,sp.,,,,,,,
H7,EUXE,30,,EUXE,species,Myrtaceae,Eugenia,xerophytica,,,,,,,
H7,EUAM9,1,,EUAM9,species,Celastraceae,Euonymus,americanus,,,,,,,
H7,EUAT5,1,,EUAT5,species,Celastraceae,Euonymus,atropurpureus,,,,,,,
H7,EUFO5,1,,EUFO5,species,Celastraceae,Euonymus,fortunei,,,,,,,
H7,FRCAC7,10,,FRCAC7,subspecies,Rhamnaceae,Frangula,californica,,,,,,,
H7,FRCA13,196,,FRCA13,species,Rhamnaceae,Frangula,caroliniana,,,,,,,
H7,GASH,835,,GASH,species,Ericaceae,Gaultheria,shallon,,,,,,,
H7,GABA,5,,GABA,species,Ericaceae,Gaylussacia,baccata,,,,,,,
H7,GADU,1,,GADU,species,Ericaceae,Gaylussacia,dumosa,,,,,,,
H7,GAUR,52,,GAUR,species,Ericaceae,Gaylussacia,ursina,,,,,,,
H7,GELSE,9,,GELSE,genus,Loganiaceae,Gelsemium,sp.,,,,,,,
H7,GIBI2,4,,GIBI2,species,Ginkgoaceae,Ginkgo,biloba,,,,,,,
H7,GUAIA,7,,GUAIA,genus,Zygophyllaceae,Guaiacum,sp.,,,,,,,
H7,GUEL,72,,GUEL,species,Rubiaceae,Guettarda,elliptica,,,,,,,
H7,GUETT,32,,GUETT,genus,Rubiaceae,Guettarda,sp.,,,,,,,
H7,GUMI,5,,GUMI,species,Asteraceae,Gutierrezia,microcephala,,,,,,,
H7,GUSA2,25,,GUSA2,species,Asteraceae,Gutierrezia,sarothrae,,,,,,,
H7,GYLU,1715,,GYLU,species,Euphorbiaceae,Gymnanthes,lucida,,,,,,,
H7,HAVI2,2,,HAVI2,species,Boraginaceae,Hackelia,virginiana,,,,,,,
H7,HACA3,3,,HACA3,species,Styracaceae,Halesia,carolina,,,,,,,
H7,HALES,958,,HALES,genus,Styracaceae,Halesia,sp.,,,,,,,
H7,HEHE,1,,HEHE,species,Araliaceae,Hedera,helix,,,,,,,
H7,HETE21,1,,HETE21,species,Rubiaceae,Hedyotis,terminalis,,,,,,,
H7,HEJA,14,,HEJA,species,Sterculiaceae,Helicteres,jamaicensis,,,,,,,
H7,HEPU17,325,,HEPU17,species,Malpighiaceae,Heteropterys,purpurea,,,,,,,
H7,HYBR3,58,,HYBR3,species,Clusiaceae,Hypericum,brachyphyllum,,,,,,,
H7,ILAQ80,2,,ILAQ80,species,Aquifoliaceae,Ilex,aquifolium,,,,,,,
H7,ILCO,4,,ILCO,species,Aquifoliaceae,Ilex,coriacea,,,,,,,
H7,ILGL,477,,ILGL,species,Aquifoliaceae,Ilex,glabra,,,,,,,
H7,ILMU,235,,ILMU,species,Aquifoliaceae,Ilex,mucronata,,,,,,,
H7,ILEX,795,,ILEX,genus,Aquifoliaceae,Ilex,sp.,,,,,,,
H7,ILVE,482,,ILVE,species,Aquifoliaceae,Ilex,verticillata,,,,,,,
H7,ILVO,40,,ILVO,species,Aquifoliaceae,Ilex,vomitoria,,,,,,,
H7,ILLIC,17,,ILLIC,genus,Illiciaceae,Illicium,sp.,,,,,,,
H7,IPST2,31,,IPST2,species,Convolvulaceae,Ipomoea,steudelii,,,,,,,
H7,ISTE2,13,,ISTE2,species,Asteraceae,Isocoma,tenuisecta,,,,,,,
H7,ITVI,37,,ITVI,species,Grossulariaceae,Itea,virginica,,,,,,,
H7,JACU3,14,,JACU3,species,Convolvulaceae,Jacquemontia,cumanensis,,,,,,,
H7,JACQU,6,,JACQU,genus,Convolvulaceae,Jacquemontia,sp.,,,,,,,
H7,JACQU2,2,,JACQU2,genus,Theophrastaceae,Jacquinia,sp.,,,,,,,
H7,JAAM,192,,JAAM,species,Hydrangeaceae,Jamesia,americana,,,,,,,
H7,KALMI,923,,KALMI,genus,Ericaceae,Kalmia,sp.,,,,,,,
H7,KRLA2,75,,KRLA2,species,Chenopodiaceae,Krascheninnikovia,lanata,,,,,,,
H7,LACA2,1,,LACA2,species,Verbenaceae,Lantana,camara,,,,,,,
H7,LAEX,82,,LAEX,species,Verbenaceae,Lantana,exarata,,,,,,,
H7,LARE2,28,,LARE2,species,Verbenaceae,Lantana,reticulata,,,,,,,
H7,LANTA,1,,LANTA,genus,Verbenaceae,Lantana,sp.,,,,,,,
H7,LATR2,5502,,LATR2,species,Zygophyllaceae,Larrea,tridentata,,,,,,,
H7,LEGR,2,,LEGR,species,Ericaceae,Ledum,groenlandicum,,,,,,,
H7,LEPA11,4,,LEPA11,species,Ericaceae,Ledum,palustre,,,,,,,
H7,LEDUM,4,,LEDUM,genus,Ericaceae,Ledum,sp.,,,,,,,
H7,LEQU,1,,LEQU,species,Cactaceae,Leptocereus,quadricostatus,,,,,,,
H7,LIBEB,2,,LIBEB,variety,Lauraceae,Lindera,benzoin,,,,,,,
H7,LOIN4,2,,LOIN4,species,Caprifoliaceae,Lonicera,interrupta,,,,,,,
H7,LOJA,759,,LOJA,species,Caprifoliaceae,Lonicera,japonica,,,,,,,
H7,LOMA6,663,,LOMA6,species,Caprifoliaceae,Lonicera,maackii,,,,,,,
H7,LOMO2,11,,LOMO2,species,Caprifoliaceae,Lonicera,morrowii,,,,,,,
H7,LONIC,14,,LONIC,genus,Caprifoliaceae,Lonicera,sp.,,,,,,,
H7,LYBE,7,,LYBE,species,Solanaceae,Lycium,berlandieri,,,,,,,
H7,LYPA,20,,LYPA,species,Solanaceae,Lycium,pallidum,,,,,,,
H7,LYCIU,10,,LYCIU,genus,Solanaceae,Lycium,sp.,,,,,,,
H7,LYFE,10,,LYFE,species,Ericaceae,Lyonia,ferruginea,,,,,,,
H7,LYLI,2,,LYLI,species,Ericaceae,Lyonia,ligustrina,,,,,,,
H7,LYLIL,6,,LYLIL,variety,Ericaceae,Lyonia,ligustrina,,,,,,,
H7,LYLU3,492,,LYLU3,species,Ericaceae,Lyonia,lucida,,,,,,,
H7,LYONI,10,,LYONI,genus,Ericaceae,Lyonia,sp.,,,,,,,
H7,MAUN3,111,,MAUN3,species,Bignoniaceae,Macfadyena,unguis-cati,,,,,,,
H7,MAPO6,14,,MAPO6,species,Rubiaceae,Machaonia,portoricensis,,,,,,,
H7,MANE2,118,,MANE2,species,Berberidaceae,Mahonia,nervosa,,,,,,,
H7,MAPO5,1,,MAPO5,species,Celastraceae,Maytenus,ponceana,,,,,,,
H7,MECL,3,,MECL,species,Rutaceae,Melicope,clusiifolia,,,,,,,
H7,MERA2,3,,MERA2,species,Rutaceae,Melicope,radiata,,,,,,,
H7,MELIC3,5,,MELIC3,genus,Rutaceae,Melicope,sp.,,,,,,,
H7,MEFE,4,,MEFE,species,Ericaceae,Menziesia,ferruginea,,,,,,,
H7,MORU,4,,MORU,species,Lamiaceae,Monarda,russeliana,,,,,,,
H7,MUEX2,11,,MUEX2,species,Rutaceae,Murraya,exotica,,,,,,,
H7,OPUNT,1,,OPUNT,genus,Cactaceae,Opuntia,sp.,,,,,,,
H7,OXYDE,1466,,OXYDE,genus,Ericaceae,Oxydendrum,sp.,,,,,,,
H7,PAIN2,44,,PAIN2,species,Asteraceae,Parthenium,incanum,,,,,,,
H7,PAQU2,947,,PAQU2,species,Vitaceae,Parthenocissus,quinquefolia,,,,,,,
H7,PHHI2,3,,PHHI2,species,Hydrangeaceae,Philadelphus,hirsutus,,,,,,,
H7,PHEP,4,,PHEP,species,Euphorbiaceae,Phyllanthus,epiphyllanthus,,,,,,,
H7,PIRO6,1,,PIRO6,species,Cactaceae,Pilosocereus,royenii,,,,,,,
H7,PLAQ,23,,PLAQ,species,Ulmaceae,Planera,aquatica,,,,,,,
H7,PLAL,11,,PLAL,species,Apocynaceae,Plumeria,alba,,,,,,,
H7,POA,2,,POA,genus,Poaceae,Poa,sp.,,,,,,,
H7,POTR4,6,,POTR4,species,Rutaceae,Poncirus,trifoliata,,,,,,,
H7,PRSE,13,,PRSE,species,Asteraceae,Prenanthes,serpentaria,,,,,,,
H7,PRENA,2,,PRENA,genus,Asteraceae,Prenanthes,sp.,,,,,,,
H7,PYPU,228,,PYPU,species,Santalaceae,Pyrularia,pubera,,,,,,,
H7,RAAC,97,,RAAC,species,Rubiaceae,Randia,aculeata,,,,,,,
H7,RAPO2,2,,RAPO2,species,Rubiaceae,Randia,portoricensis,,,,,,,
H7,REGU,3,,REGU,species,Rhamnaceae,Reynosia,guama,,,,,,,
H7,REUN,39,,REUN,species,Rhamnaceae,Reynosia,uncinata,,,,,,,
H7,RHIL,214,,RHIL,species,Rhamnaceae,Rhamnus,ilicifolia,,,,,,,
H7,RHCA7,9,,RHCA7,species,Ericaceae,Rhododendron,canescens,,,,,,,
H7,RHPE4,3,,RHPE4,species,Ericaceae,Rhododendron,periclymenoides,,,,,,,
H7,RHODO,765,,RHODO,genus,Ericaceae,Rhododendron,sp.,,,,,,,
H7,RHAR4,759,,RHAR4,species,Anacardiaceae,Rhus,aromatica,,,,,,,
H7,RHUS,13,,RHUS,genus,Anacardiaceae,Rhus,sp.,,,,,,,
H7,RHTY,59,,RHTY,species,Anacardiaceae,Rhus,typhina,,,,,,,
H7,RICE,39,,RICE,species,Grossulariaceae,Ribes,cereum,,,,,,,
H7,RIMI,70,,RIMI,species,Grossulariaceae,Ribes,missouriense,,,,,,,
H7,RIRO,3,,RIRO,species,Grossulariaceae,Ribes,roezlii,,,,,,,
H7,RIBES,18,,RIBES,genus,Grossulariaceae,Ribes,sp.,,,,,,,
H7,ROAC2,25,,ROAC2,species,Boraginaceae,Rochefortia,acanthophora,,,,,,,
H7,ROIN4,19,,ROIN4,species,Rubiaceae,Rondeletia,inermis,,,,,,,
H7,SACY3,8,,SACY3,species,Blechnaceae,Sadleria,cyatheoides,,,,,,,
H7,SAPA11,16,,SAPA11,species,Blechnaceae,Sadleria,pallida,,,,,,,
H7,SASO2,2,,SASO2,species,Blechnaceae,Sadleria,souleyetiana,,,,,,,
H7,SANI4,30,,SANI4,species,Caprifoliaceae,Sambucus,nigra,,,,,,,
H7,SANIC4,1,,SANIC4,subspecies,Caprifoliaceae,Sambucus,nigra,,,,,,,
H7,SANIC5,4,,SANIC5,subspecies,Caprifoliaceae,Sambucus,nigra,,,,,,,
H7,SARA2,7,,SARA2,species,Caprifoliaceae,Sambucus,racemosa,,,,,,,
H7,SARA2/SANI4,2,,SARA2/SANI4,speciesGroup,Caprifoliaceae,Sambucus,racemosa/nigra,,,,,,,
H7,SAMBU,32,,SAMBU,genus,Caprifoliaceae,Sambucus,sp.,,,,,,,
H7,SAVE4,1291,,SAVE4,species,Chenopodiaceae,Sarcobatus,vermiculatus,,,,,,,
H7,SASSA,1586,,SASSA,genus,Lauraceae,Sassafras,sp.,,,,,,,
H7,SASE6,13,,SASE6,species,Euphorbiaceae,Savia,sessiliflora,,,,,,,
H7,SCFR,58,,SCFR,species,Celastraceae,Schaefferia,frutescens,,,,,,,
H7,SEFL3,10,,SEFL3,species,Asteraceae,Senecio,flaccidus,,,,,,,
H7,SEPO4,324,,SEPO4,species,Sapindaceae,Serjania,polyphylla,,,,,,,
H7,SHAR,435,,SHAR,species,Elaeagnaceae,Shepherdia,argentea,,,,,,,
H7,SHCA,5,,SHCA,species,Elaeagnaceae,Shepherdia,canadensis,,,,,,,
H7,SILAL3,2,,SILAL3,subspecies,Sapotaceae,Sideroxylon,lanuginosum,,,,,,,
H7,SILY,12,,SILY,species,Sapotaceae,Sideroxylon,lycioides,,,,,,,
H7,SIDER2,3,,SIDER2,genus,Sapotaceae,Sideroxylon,sp.,,,,,,,
H7,SITE2,2,,SITE2,species,Sapotaceae,Sideroxylon,tenax,,,,,,,
H7,SMAU,5,,SMAU,species,Smilacaceae,Smilax,auriculata,,,,,,,
H7,SMSM,6,,SMSM,species,Smilacaceae,Smilax,smallii,,,,,,,
H7,SMILA2,8,,SMILA2,genus,Smilacaceae,Smilax,sp.,,,,,,,
H7,STEM3,453,,STEM3,species,Malpighiaceae,Stigmaphyllon,emarginatum,,,,,,,
H7,STFL5,22,,STFL5,species,Malpighiaceae,Stigmaphyllon,floribundum,,,,,,,
H7,STAM4,4,,STAM4,species,Styracaceae,Styrax,americanus,,,,,,,
H7,SYOC,31,,SYOC,species,Caprifoliaceae,Symphoricarpos,occidentalis,,,,,,,
H7,SYOR,1196,,SYOR,species,Caprifoliaceae,Symphoricarpos,orbiculatus,,,,,,,
H7,SYMPL2,109,,SYMPL2,genus,Symplocaceae,Symplocos,sp.,,,,,,,
H7,TAXUS,2,,TAXUS,genus,Taxaceae,Taxus,sp.,,,,,,,
H7,TECA2,32,,TECA2,species,Asteraceae,Tetradymia,canescens,,,,,,,
H7,TEGL,29,,TEGL,species,Asteraceae,Tetradymia,glabrata,,,,,,,
H7,TETRA3,6,,TETRA3,genus,Asteraceae,Tetradymia,sp.,,,,,,,
H7,THSTP,487,,THSTP,variety,Sapindaceae,Thouinia,striata,,,,,,,
H7,TOVO,86,,TOVO,species,Boraginaceae,Tournefortia,volubilis,,,,,,,
H7,TRDA3,2,,TRDA3,species,Poaceae,Tripsacum,dactyloides,,,,,,,
H7,TUDI,5,,TUDI,species,Turneraceae,Turnera,diffusa,,,,,,,
H7,VACA8,29,,VACA8,species,Ericaceae,Vaccinium,calycinum,,,,,,,
H7,VACO,387,,VACO,species,Ericaceae,Vaccinium,corymbosum,,,,,,,
H7,VAFU,3,,VAFU,species,Ericaceae,Vaccinium,fuscatum,,,,,,,
H7,VAME,1,,VAME,species,Ericaceae,Vaccinium,membranaceum,,,,,,,
H7,VAOV,4,,VAOV,species,Ericaceae,Vaccinium,ovalifolium,,,,,,,
H7,VAPA4,78,,VAPA4,species,Ericaceae,Vaccinium,pallidum,,,,,,,
H7,VAPA,352,,VAPA,species,Ericaceae,Vaccinium,parvifolium,,,,,,,
H7,VARE,4,,VARE,species,Ericaceae,Vaccinium,reticulatum,,,,,,,
H7,VACCI,309,,VACCI,genus,Ericaceae,Vaccinium,sp.,,,,,,,
H7,VAUL,11,,VAUL,species,Ericaceae,Vaccinium,uliginosum,,,,,,,
H7,VIAC,6,,VIAC,species,Caprifoliaceae,Viburnum,acerifolium,,,,,,,
H7,VIDE,14,,VIDE,species,Caprifoliaceae,Viburnum,dentatum,,,,,,,
H7,VILA,6,,VILA,species,Caprifoliaceae,Viburnum,lantana,,,,,,,
H7,VILA11,146,,VILA11,species,Caprifoliaceae,Viburnum,lantanoides,,,,,,,
H7,VINUC,2,,VINUC,variety,Caprifoliaceae,Viburnum,nudum,,,,,,,
H7,VIRU,9,,VIRU,species,Caprifoliaceae,Viburnum,rufidulum,,,,,,,
H7,VIBUR,75,,VIBUR,genus,Caprifoliaceae,Viburnum,sp.,,,,,,,
H7,VIOLA,1,,VIOLA,genus,Violaceae,Viola,sp.,,,,,,,
H7,VIAE,16,,VIAE,species,Vitaceae,Vitis,aestivalis,,,,,,,
H7,VICI2,349,,VICI2,species,Vitaceae,Vitis,cinerea,,,,,,,
H7,VILA8,2,,VILA8,species,Vitaceae,Vitis,labrusca,,,,,,,
H7,VIPA7,1,,VIPA7,species,Vitaceae,Vitis,palmata,,,,,,,
H7,VIRI,433,,VIRI,species,Vitaceae,Vitis,riparia,,,,,,,
H7,VITISSPP,3,,VITISSPP,genus,Vitaceae,Vitis,spp.,,,,,,,
H7,WEFR,25,,WEFR,species,Asteraceae,Wedelia,fruticosa,,,,,,,
H7,YUEL,2,,YUEL,species,Agavaceae,Yucca,elata,,,,,,,
H7,ZIAC,30,,ZIAC,species,Asteraceae,Zinnia,acerosa,,,,,,,
H7,ZIOB,15,,ZIOB,species,Rhamnaceae,Ziziphus,obtusifolia,,,,,,,
H7,ZIRE,2,,ZIRE,species,Rhamnaceae,Ziziphus,reticulata,,,,,,,
H7,APOCYN,1,,APOCYN,family,Apocynaceae,,sp.,,,,,,,
H7,AQUIFO,2,,AQUIFO,family,Aquifoliaceae,,sp.,,,,,,,
H7,BIGNON,1,,BIGNON,family,Bignoniaceae,,sp.,,,,,,,
H7,CONVOL,1,,CONVOL,family,Convolvulaceae,,sp.,,,,,,,
H7,ERICAC,2,,ERICAC,family,Ericaceae,,sp.,,,,,,,
H7,HYDRAN,13,,HYDRAN,family,Hydrangeaceae,,sp.,,,,,,,
H7,LAMIAC,3,,LAMIAC,family,Lamiaceae,,sp.,,,,,,,
H7,RHAMNA,12,,RHAMNA,family,Rhamnaceae,,sp.,,,,,,,
H7,ULMACE,1,,ULMACE,family,Ulmaceae,,sp.,,,,,,,
H7,AQUIFOSPP,2,,AQUIFOSPP,family,Aquifoliaceae,,spp.,,,,,,,
H7,2PLANT-H,183,,2PLANT-H,kingdom,,,,,,,,,,
H7,OTHE,56,,OTHE,kingdom,,,,,,,,,,
