"siteID","plotID","subplotID","tagID","growthForm","stemStatus","stemDiameter","measurementHeight","height","maxCanopyDiameter","ninetyCanopyDiameter","canopyPosition","shrubShape","basalStemDiameter","maxBaseCanopyDiameter","ninetyBaseCanopyDiameter","eventID","nestedSubplotID","pointID","stemDistance","stemAzimuth","taxonID"
"YELL","YELL_006",NA,"NEON.PLA.D12.YELL.00792","sms","Live",NA,NA,0.4,0.9,0.6,NA,"half-sphere",1.2,NA,NA,"vst_YELL_2019","3",NA,NA,NA,"ARTR2"
"YELL","YELL_006",NA,"NEON.PLA.D12.YELL.00771","sms","Live",NA,NA,0.8,1,0.6,NA,"half-sphere",1.7,NA,NA,"vst_YELL_2019","4",NA,NA,NA,"ARTR2"
"YELL","YELL_006",NA,"NEON.PLA.D12.YELL.00792","sms","Live",NA,NA,0.4,0.9,0.6,NA,"half-sphere",1.6,NA,NA,"vst_YELL_2019","3",NA,NA,NA,"ARTR2"
"YELL","YELL_006",NA,"NEON.PLA.D12.YELL.00770","sms","Standing dead",NA,NA,0.7,1.1,0.5,NA,"half-sphere",2.6,NA,NA,"vst_YELL_2019","4",NA,NA,NA,"ARTR2"
"YELL","YELL_006",NA,"NEON.PLA.D12.YELL.00771","sms","Live",NA,NA,0.8,1,0.6,NA,"half-sphere",2.3,NA,NA,"vst_YELL_2019","4",NA,NA,NA,"ARTR2"
"YELL","YELL_006",NA,"NEON.PLA.D12.YELL.00778","sms","Live",NA,NA,0.5,0.7,0.7,NA,"half-sphere",2.6,NA,NA,"vst_YELL_2019","4",NA,NA,NA,"ARTR2"
"YELL","YELL_006",NA,"NEON.PLA.D12.YELL.00777","sms","Standing dead",NA,NA,1,0.5,0.3,NA,"cylinder",1.1,NA,NA,"vst_YELL_2019","4",NA,NA,NA,"ARTR2"
"YELL","YELL_006",NA,"NEON.PLA.D12.YELL.00776","sms","Standing dead",NA,NA,0.8,1.4,1.2,NA,"half-sphere",3,NA,NA,"vst_YELL_2019","4",NA,NA,NA,"ARTR2"
"YELL","YELL_006",NA,"NEON.PLA.D12.YELL.00105","sbt","Live",33,130,12.9,6.2,5.1,"Partially shaded",NA,NA,NA,NA,"vst_YELL_2019","1","31",6.3,31.5,"PSME"
"YELL","YELL_006",NA,"NEON.PLA.D12.YELL.00784","sms","Standing dead",NA,NA,0.4,0.7,0.2,NA,"half-sphere",3.4,NA,NA,"vst_YELL_2019","4",NA,NA,NA,"ARTR2"
"YELL","YELL_006",NA,"NEON.PLA.D12.YELL.00769","sms","Live",NA,NA,0.4,0.8,0.7,NA,"half-sphere",2.8,NA,NA,"vst_YELL_2019","4",NA,NA,NA,"ARTR2"
"YELL","YELL_006",NA,"NEON.PLA.D12.YELL.00782","sms","Live",NA,NA,0.7,0.8,0.2,NA,"half-sphere",2.2,NA,NA,"vst_YELL_2019","4",NA,NA,NA,"ARTR2"
"YELL","YELL_006",NA,"NEON.PLA.D12.YELL.00114","sbt","Live",49.8,130,16,9.2,8.1,"Full sun",NA,NA,NA,NA,"vst_YELL_2019","3","49",3.1,162,"PSME"
"YELL","YELL_006",NA,"NEON.PLA.D12.YELL.00776","sms","Standing dead",NA,NA,0.8,1.4,1.2,NA,"half-sphere",2.7,NA,NA,"vst_YELL_2019","4",NA,NA,NA,"ARTR2"
"YELL","YELL_006",NA,"NEON.PLA.D12.YELL.00789","sms","Standing dead",NA,NA,0.5,0.5,0.5,NA,"half-sphere",2,NA,NA,"vst_YELL_2019","3",NA,NA,NA,"ARTR2"
"YELL","YELL_006",NA,"NEON.PLA.D12.YELL.00801","sms","Standing dead",NA,NA,0.4,0.7,0.6,NA,"half-sphere",1.3,NA,NA,"vst_YELL_2019","3",NA,NA,NA,"ARTR2"
"YELL","YELL_006",NA,"NEON.PLA.D12.YELL.00783","sms","Live",NA,NA,0.7,1.4,0.8,NA,"half-sphere",2.8,NA,NA,"vst_YELL_2019","4",NA,NA,NA,"ARTR2"
"YELL","YELL_006",NA,"NEON.PLA.D12.YELL.00777","sms","Live",NA,NA,1,0.5,0.3,NA,"cylinder",2.6,NA,NA,"vst_YELL_2019","4",NA,NA,NA,"ARTR2"
"YELL","YELL_006",NA,"NEON.PLA.D12.YELL.00782","sms","Standing dead",NA,NA,0.7,0.8,0.2,NA,"half-sphere",1.6,NA,NA,"vst_YELL_2019","4",NA,NA,NA,"ARTR2"
"YELL","YELL_006",NA,"NEON.PLA.D12.YELL.00786","sms","Standing dead",NA,NA,0.5,1.1,0.5,NA,"half-sphere",3.1,NA,NA,"vst_YELL_2019","2",NA,NA,NA,"ARTR2"
"YELL","YELL_006",NA,"NEON.PLA.D12.YELL.00801","sms","Live",NA,NA,0.4,0.7,0.6,NA,"half-sphere",2,NA,NA,"vst_YELL_2019","3",NA,NA,NA,"ARTR2"
"YELL","YELL_006",NA,"NEON.PLA.D12.YELL.00770","sms","Standing dead",NA,NA,0.7,1.1,0.5,NA,"half-sphere",1,NA,NA,"vst_YELL_2019","4",NA,NA,NA,"ARTR2"
"YELL","YELL_006",NA,"NEON.PLA.D12.YELL.00787","sms","Standing dead",NA,NA,1,0.8,0.5,NA,"half-sphere",2.1,NA,NA,"vst_YELL_2019","2",NA,NA,NA,"ARTR2"
"YELL","YELL_006",NA,"NEON.PLA.D12.YELL.00786","sms","Live",NA,NA,0.5,1.1,0.5,NA,"half-sphere",1.6,NA,NA,"vst_YELL_2019","2",NA,NA,NA,"ARTR2"
"YELL","YELL_006",NA,"NEON.PLA.D12.YELL.00772","sms","Live",NA,NA,0.6,1.5,0.7,NA,"oblate half-sphere",2.9,NA,NA,"vst_YELL_2019","1",NA,NA,NA,"ARTR2"
"YELL","YELL_006",NA,"NEON.PLA.D12.YELL.00111","sbt","Live",29.7,130,10.9,6.3,5.1,"Full sun",NA,NA,NA,NA,"vst_YELL_2019","2","49",9.2,142,"PSME"
"YELL","YELL_006",NA,"NEON.PLA.D12.YELL.00787","sms","Live",NA,NA,1,0.8,0.5,NA,"half-sphere",3.5,NA,NA,"vst_YELL_2019","2",NA,NA,NA,"ARTR2"
"YELL","YELL_006",NA,"NEON.PLA.D12.YELL.00770","sms","Standing dead",NA,NA,0.7,1.1,0.5,NA,"half-sphere",2,NA,NA,"vst_YELL_2019","4",NA,NA,NA,"ARTR2"
"YELL","YELL_006",NA,"NEON.PLA.D12.YELL.00787","sms","Standing dead",NA,NA,1,0.8,0.5,NA,"half-sphere",1.2,NA,NA,"vst_YELL_2019","2",NA,NA,NA,"ARTR2"
"YELL","YELL_006",NA,"NEON.PLA.D12.YELL.00112","sbt","Live",41.4,130,14.4,7.6,6.8,"Full sun",NA,NA,NA,NA,"vst_YELL_2019","1","49",6.3,158.3,"PSME"
"YELL","YELL_006",NA,"NEON.PLA.D12.YELL.00792","sms","Live",NA,NA,0.4,0.9,0.6,NA,"half-sphere",2.4,NA,NA,"vst_YELL_2019","3",NA,NA,NA,"ARTR2"
"YELL","YELL_006",NA,"NEON.PLA.D12.YELL.00772","sms","Standing dead",NA,NA,0.6,1.5,0.7,NA,"oblate half-sphere",2.7,NA,NA,"vst_YELL_2019","1",NA,NA,NA,"ARTR2"
"YELL","YELL_006",NA,"NEON.PLA.D12.YELL.00783","sms","Live",NA,NA,0.7,1.4,0.8,NA,"half-sphere",3,NA,NA,"vst_YELL_2019","4",NA,NA,NA,"ARTR2"
"YELL","YELL_006",NA,"NEON.PLA.D12.YELL.00104","sbt","Live",31,130,10.1,6.3,6.1,"Mostly shaded",NA,NA,NA,NA,"vst_YELL_2019","1","31",3.4,19.1,"PSME"
"YELL","YELL_006",NA,"NEON.PLA.D12.YELL.00786","sms","Live",NA,NA,0.5,1.1,0.5,NA,"half-sphere",1.2,NA,NA,"vst_YELL_2019","2",NA,NA,NA,"ARTR2"
"YELL","YELL_006",NA,"NEON.PLA.D12.YELL.00779","sms","Live",NA,NA,0.4,0.2,0.2,NA,"cylinder",1,NA,NA,"vst_YELL_2019","4",NA,NA,NA,"ARTR2"
"YELL","YELL_006",NA,"NEON.PLA.D12.YELL.00781","sms","Standing dead",NA,NA,0.6,0.7,0.5,NA,"half-sphere",1.9,NA,NA,"vst_YELL_2019","4",NA,NA,NA,"ARTR2"
"YELL","YELL_006",NA,"NEON.PLA.D12.YELL.00769","sms","Standing dead",NA,NA,0.4,0.8,0.7,NA,"half-sphere",2.5,NA,NA,"vst_YELL_2019","4",NA,NA,NA,"ARTR2"
"YELL","YELL_006",NA,"NEON.PLA.D12.YELL.00775","sms","Live",NA,NA,0.8,0.9,0.7,NA,"ellipsoid or sphere",2.7,NA,NA,"vst_YELL_2019","1",NA,NA,NA,"ARTR2"
"YELL","YELL_006",NA,"NEON.PLA.D12.YELL.00772","sms","Live",NA,NA,0.6,1.5,0.7,NA,"oblate half-sphere",2.3,NA,NA,"vst_YELL_2019","1",NA,NA,NA,"ARTR2"
"YELL","YELL_006",NA,"NEON.PLA.D12.YELL.00113","sbt","Standing dead",12.6,130,4.3,2.6,1.4,"Full shade",NA,NA,NA,NA,"vst_YELL_2019","1","41",9.1,284,"PSME"
"YELL","YELL_006",NA,"NEON.PLA.D12.YELL.00788","sms","Live",NA,NA,0.4,0.5,0.3,NA,"half-sphere",3,NA,NA,"vst_YELL_2019","2",NA,NA,NA,"ARTR2"
"YELL","YELL_006",NA,"NEON.PLA.D12.YELL.00771","sms","Standing dead",NA,NA,0.8,1,0.6,NA,"half-sphere",1.4,NA,NA,"vst_YELL_2019","4",NA,NA,NA,"ARTR2"
"YELL","YELL_006",NA,"NEON.PLA.D12.YELL.00781","sms","Live",NA,NA,0.6,0.7,0.5,NA,"half-sphere",2.9,NA,NA,"vst_YELL_2019","4",NA,NA,NA,"ARTR2"
"YELL","YELL_006",NA,"NEON.PLA.D12.YELL.00789","sms","Live",NA,NA,0.5,0.5,0.5,NA,"half-sphere",1.7,NA,NA,"vst_YELL_2019","3",NA,NA,NA,"ARTR2"
"YELL","YELL_006",NA,"NEON.PLA.D12.YELL.00780","sms","Live",NA,NA,0.6,0.5,0.5,NA,"half-sphere",1.7,NA,NA,"vst_YELL_2019","4",NA,NA,NA,"ARTR2"
"YELL","YELL_006",NA,"NEON.PLA.D12.YELL.00793","sms","Live",NA,NA,0.3,0.4,0.2,NA,"half-sphere",1.3,NA,NA,"vst_YELL_2019","3",NA,NA,NA,"ARTR2"
"YELL","YELL_006",NA,"NEON.PLA.D12.YELL.00785","sms","Standing dead",NA,NA,0.7,1,0.5,NA,"half-sphere",3.2,NA,NA,"vst_YELL_2019","2",NA,NA,NA,"ARTR2"
"YELL","YELL_006",NA,"NEON.PLA.D12.YELL.00773","sap","Live",1.2,NA,0.3,NA,NA,NA,NA,1.2,NA,NA,"vst_YELL_2019","4",NA,NA,NA,"PSME"
"YELL","YELL_006",NA,"NEON.PLA.D12.YELL.00770","sms","Live",NA,NA,0.7,1.1,0.5,NA,"half-sphere",2.8,NA,NA,"vst_YELL_2019","4",NA,NA,NA,"ARTR2"
"YELL","YELL_006",NA,"NEON.PLA.D12.YELL.00106","sbt","Standing dead",65.1,130,16.1,9.9,7.8,"Full sun",NA,NA,NA,NA,"vst_YELL_2019","2","31",6.2,64,"PSME"
"YELL","YELL_006",NA,"NEON.PLA.D12.YELL.00776","sms","Standing dead",NA,NA,0.8,1.4,1.2,NA,"half-sphere",2,NA,NA,"vst_YELL_2019","4",NA,NA,NA,"ARTR2"
"YELL","YELL_006",NA,"NEON.PLA.D12.YELL.00110","sbt","Standing dead",37,130,13.1,5.8,4.7,"Full sun",NA,NA,NA,NA,"vst_YELL_2019","2","33",2.3,271.5,"PSME"
"YELL","YELL_006",NA,"NEON.PLA.D12.YELL.00785","sms","Standing dead",NA,NA,0.7,1,0.5,NA,"half-sphere",1.8,NA,NA,"vst_YELL_2019","2",NA,NA,NA,"ARTR2"
"YELL","YELL_006",NA,"NEON.PLA.D12.YELL.00770","sms","Live",NA,NA,0.7,1.1,0.5,NA,"half-sphere",2.5,NA,NA,"vst_YELL_2019","4",NA,NA,NA,"ARTR2"
"YELL","YELL_006",NA,"NEON.PLA.D12.YELL.00801","sms","Standing dead",NA,NA,0.4,0.7,0.6,NA,"half-sphere",1.2,NA,NA,"vst_YELL_2019","3",NA,NA,NA,"ARTR2"
"YELL","YELL_006",NA,"NEON.PLA.D12.YELL.00769","sms","Live",NA,NA,0.4,0.8,0.7,NA,"half-sphere",2.3,NA,NA,"vst_YELL_2019","4",NA,NA,NA,"ARTR2"
"YELL","YELL_006",NA,"NEON.PLA.D12.YELL.00785","sms","Live",NA,NA,0.7,1,0.5,NA,"half-sphere",2.7,NA,NA,"vst_YELL_2019","2",NA,NA,NA,"ARTR2"
"YELL","YELL_006",NA,"NEON.PLA.D12.YELL.00801","sms","Live",NA,NA,0.4,0.7,0.6,NA,"half-sphere",2.1,NA,NA,"vst_YELL_2019","3",NA,NA,NA,"ARTR2"
"YELL","YELL_006",NA,"NEON.PLA.D12.YELL.00771","sms","Live",NA,NA,0.8,1,0.6,NA,"half-sphere",2.2,NA,NA,"vst_YELL_2019","4",NA,NA,NA,"ARTR2"
"YELL","YELL_006",NA,"NEON.PLA.D12.YELL.00776","sms","Live",NA,NA,0.8,1.4,1.2,NA,"half-sphere",4.8,NA,NA,"vst_YELL_2019","4",NA,NA,NA,"ARTR2"
"YELL","YELL_006",NA,"NEON.PLA.D12.YELL.00801","sms","Live",NA,NA,0.4,0.7,0.6,NA,"half-sphere",1.4,NA,NA,"vst_YELL_2019","3",NA,NA,NA,"ARTR2"
"YELL","YELL_006",NA,"NEON.PLA.D12.YELL.00108","sbt","Dead, broken bole",48.9,130,3.1,3.5,3.4,"Full sun",NA,NA,NA,NA,"vst_YELL_2019","3","33",10.7,303,"PSME"
"YELL","YELL_006",NA,"NEON.PLA.D12.YELL.00778","sms","Standing dead",NA,NA,0.5,0.7,0.7,NA,"half-sphere",2.1,NA,NA,"vst_YELL_2019","4",NA,NA,NA,"ARTR2"
"YELL","YELL_006",NA,"NEON.PLA.D12.YELL.00109","sbt","Standing dead",14.7,130,5.8,3,3,"Full sun",NA,NA,NA,NA,"vst_YELL_2019","2","33",2.7,270,"PSME"
"YELL","YELL_006",NA,"NEON.PLA.D12.YELL.00780","sms","Live",NA,NA,0.6,0.5,0.5,NA,"half-sphere",1.1,NA,NA,"vst_YELL_2019","4",NA,NA,NA,"ARTR2"
"YELL","YELL_006",NA,"NEON.PLA.D12.YELL.00785","sms","Standing dead",NA,NA,0.7,1,0.5,NA,"half-sphere",2.1,NA,NA,"vst_YELL_2019","2",NA,NA,NA,"ARTR2"
"YELL","YELL_006",NA,"NEON.PLA.D12.YELL.00780","sms","Live",NA,NA,0.6,0.5,0.5,NA,"half-sphere",1.7,NA,NA,"vst_YELL_2019","4",NA,NA,NA,"ARTR2"
"YELL","YELL_006",NA,"NEON.PLA.D12.YELL.00793","sms","Live",NA,NA,0.3,0.4,0.2,NA,"half-sphere",1,NA,NA,"vst_YELL_2019","3",NA,NA,NA,"ARTR2"
"YELL","YELL_006",NA,"NEON.PLA.D12.YELL.00774","sap","Live",1.2,NA,0.3,NA,NA,NA,NA,1.2,NA,NA,"vst_YELL_2019","1",NA,NA,NA,"PSME"
"YELL","YELL_006",NA,"NEON.PLA.D12.YELL.00107","sbt","Live",48.1,130,18.5,7.2,4.2,"Full sun",NA,NA,NA,NA,"vst_YELL_2019","4","31",10.1,45,"PSME"
"YELL","YELL_006",NA,"NEON.PLA.D12.YELL.00780","sms","Live",NA,NA,0.6,0.5,0.5,NA,"half-sphere",1.4,NA,NA,"vst_YELL_2019","4",NA,NA,NA,"ARTR2"
"YELL","YELL_006",NA,"NEON.PLA.D12.YELL.00792","sms","Live",NA,NA,0.4,0.9,0.6,NA,"half-sphere",2.1,NA,NA,"vst_YELL_2019","3",NA,NA,NA,"ARTR2"
"YELL","YELL_011",NA,"NEON.PLA.D12.YELL.00297","sms","Live",NA,NA,0.8,1,0.6,NA,"ellipsoid or sphere",1.1,NA,NA,"vst_YELL_2019","4","51",1.2,241.2,"ARTR2"
"YELL","YELL_011",NA,"NEON.PLA.D12.YELL.00299","sms","Live",NA,NA,0.6,0.4,0.3,NA,"ellipsoid or sphere",1,NA,NA,"vst_YELL_2019","1","51",13.2,224.9,"ARTR2"
"YELL","YELL_011",NA,"NEON.PLA.D12.YELL.00305","sms","Live",NA,NA,0.3,0.4,0.3,NA,"ellipsoid or sphere",1.8,NA,NA,"vst_YELL_2019","3","49",1.2,151.7,"ARTR2"
"YELL","YELL_011",NA,"NEON.PLA.D12.YELL.00298","sms","Standing dead",NA,NA,0.4,0.4,0.3,NA,"ellipsoid or sphere",2.1,NA,NA,"vst_YELL_2019","4","51",2,239.1,"ARTR2"
"YELL","YELL_011",NA,"NEON.PLA.D12.YELL.00300","sms","Live",NA,NA,0.6,0.3,0.2,NA,"cylinder",1.6,NA,NA,"vst_YELL_2019","1","51",12.9,226.2,"ARTR2"
"YELL","YELL_011",NA,"NEON.PLA.D12.YELL.00303","sms","Live",NA,NA,0.8,0.8,0.7,NA,"ellipsoid or sphere",1.4,NA,NA,"vst_YELL_2019","1","49",9.1,179.8,"ARTR2"
"YELL","YELL_011",NA,"NEON.PLA.D12.YELL.00294","sms","Live",NA,NA,0.8,1,0.9,NA,"ellipsoid or sphere",4.2,NA,NA,"vst_YELL_2019","2","31",19.6,89.7,"ARTR2"
"YELL","YELL_011",NA,"NEON.PLA.D12.YELL.00298","sms","Standing dead",NA,NA,0.4,0.4,0.3,NA,"ellipsoid or sphere",2.3,NA,NA,"vst_YELL_2019","4","51",2,239.1,"ARTR2"
"YELL","YELL_011",NA,"NEON.PLA.D12.YELL.00306","sms","Live",NA,NA,0.4,0.3,0.2,NA,"ellipsoid or sphere",1,NA,NA,"vst_YELL_2019","3","49",1.6,144.7,"ARTR2"
"YELL","YELL_011",NA,"NEON.PLA.D12.YELL.00298","sms","Standing dead",NA,NA,0.4,0.4,0.3,NA,"ellipsoid or sphere",1.9,NA,NA,"vst_YELL_2019","4","51",2,239.1,"ARTR2"
"YELL","YELL_011",NA,"NEON.PLA.D12.YELL.00297","sms","Live",NA,NA,0.8,1,0.6,NA,"ellipsoid or sphere",2,NA,NA,"vst_YELL_2019","4","51",1.2,241.2,"ARTR2"
"YELL","YELL_011",NA,"NEON.PLA.D12.YELL.00303","sms","Live",NA,NA,0.8,0.8,0.7,NA,"ellipsoid or sphere",1.6,NA,NA,"vst_YELL_2019","1","49",9.1,179.8,"ARTR2"
"YELL","YELL_011",NA,"NEON.PLA.D12.YELL.00291","sms","Standing dead",NA,NA,0.4,0.9,0.6,NA,"ellipsoid or sphere",1.3,NA,NA,"vst_YELL_2019","1","31",1.1,53.2,"ARTR2"
"YELL","YELL_011",NA,"NEON.PLA.D12.YELL.00294","sms","Live",NA,NA,0.8,1,0.9,NA,"ellipsoid or sphere",2.5,NA,NA,"vst_YELL_2019","2","31",19.6,89.7,"ARTR2"
"YELL","YELL_011",NA,"NEON.PLA.D12.YELL.00298","sms","Standing dead",NA,NA,0.4,0.4,0.3,NA,"ellipsoid or sphere",1,NA,NA,"vst_YELL_2019","4","51",2,239.1,"ARTR2"
"YELL","YELL_011",NA,"NEON.PLA.D12.YELL.00295","sms","Live",NA,NA,0.5,0.8,0.5,NA,"ellipsoid or sphere",1.5,NA,NA,"vst_YELL_2019","2","33",1.6,339.3,"ARTR2"
"YELL","YELL_011",NA,"NEON.PLA.D12.YELL.00313","sms","Live",NA,NA,0.2,0.3,0.2,NA,"ellipsoid or sphere",1.3,NA,NA,"vst_YELL_2019","3","49",1,139.9,"ARTR2"
"YELL","YELL_011",NA,"NEON.PLA.D12.YELL.00303","sms","Live",NA,NA,0.8,0.8,0.7,NA,"ellipsoid or sphere",1.2,NA,NA,"vst_YELL_2019","1","49",9.1,179.8,"ARTR2"
"YELL","YELL_011",NA,"NEON.PLA.D12.YELL.00301","sms","Standing dead",NA,NA,0.6,0.9,0.8,NA,"ellipsoid or sphere",1.7,NA,NA,"vst_YELL_2019","1","51",13,223.2,"ARTR2"
"YELL","YELL_011",NA,"NEON.PLA.D12.YELL.00302","sms","Standing dead",NA,NA,0.7,0.7,0.4,NA,"ellipsoid or sphere",1.9,NA,NA,"vst_YELL_2019","1","51",12.6,222.7,"ARTR2"
"YELL","YELL_011",NA,"NEON.PLA.D12.YELL.00299","sms","Standing dead",NA,NA,0.6,0.4,0.3,NA,"ellipsoid or sphere",1,NA,NA,"vst_YELL_2019","1","51",13.2,224.9,"ARTR2"
"YELL","YELL_011",NA,"NEON.PLA.D12.YELL.00293","sms","Live",NA,NA,0.7,0.9,0.5,NA,"ellipsoid or sphere",3,NA,NA,"vst_YELL_2019","2","31",20.1,89.9,"ARTR2"
"YELL","YELL_011",NA,"NEON.PLA.D12.YELL.00293","sms","Live",NA,NA,0.7,0.9,0.5,NA,"ellipsoid or sphere",2,NA,NA,"vst_YELL_2019","2","31",20.1,89.9,"ARTR2"
"YELL","YELL_011",NA,"NEON.PLA.D12.YELL.00303","sms","Live",NA,NA,0.8,0.8,0.7,NA,"ellipsoid or sphere",2.5,NA,NA,"vst_YELL_2019","1","49",9.1,179.8,"ARTR2"
"YELL","YELL_011",NA,"NEON.PLA.D12.YELL.00311","sms","Live",NA,NA,0.4,0.5,0.3,NA,"ellipsoid or sphere",1.6,NA,NA,"vst_YELL_2019","3","49",1.9,147.9,"ARTR2"
"YELL","YELL_011",NA,"NEON.PLA.D12.YELL.00305","sms","Live",NA,NA,0.3,0.4,0.3,NA,"ellipsoid or sphere",1.7,NA,NA,"vst_YELL_2019","3","49",1.2,151.7,"ARTR2"
"YELL","YELL_011",NA,"NEON.PLA.D12.YELL.00301","sms","Standing dead",NA,NA,0.6,0.9,0.8,NA,"ellipsoid or sphere",3.2,NA,NA,"vst_YELL_2019","1","51",13,223.2,"ARTR2"
"YELL","YELL_011",NA,"NEON.PLA.D12.YELL.00294","sms","Live",NA,NA,0.8,1,0.9,NA,"ellipsoid or sphere",2.7,NA,NA,"vst_YELL_2019","2","31",19.6,89.7,"ARTR2"
"YELL","YELL_011",NA,"NEON.PLA.D12.YELL.00303","sms","Live",NA,NA,0.8,0.8,0.7,NA,"ellipsoid or sphere",1.3,NA,NA,"vst_YELL_2019","1","49",9.1,179.8,"ARTR2"
"YELL","YELL_011",NA,"NEON.PLA.D12.YELL.00315","sms","Live",NA,NA,0.3,0.4,0.3,NA,"ellipsoid or sphere",1.5,NA,NA,"vst_YELL_2019","3","49",0.9,113.4,"ARTR2"
"YELL","YELL_011",NA,"NEON.PLA.D12.YELL.00308","sms","Live",NA,NA,0.3,0.5,0.3,NA,"ellipsoid or sphere",1.9,NA,NA,"vst_YELL_2019","3","49",1.6,123.7,"ARTR2"
"YELL","YELL_011",NA,"NEON.PLA.D12.YELL.00296","sms","Standing dead",NA,NA,0.1,0.4,0.3,NA,"inverted cone",2.7,0.1,0.1,"vst_YELL_2019","2","33",1.5,351.6,"ARTR2"
"YELL","YELL_011",NA,"NEON.PLA.D12.YELL.00311","sms","Live",NA,NA,0.4,0.5,0.3,NA,"ellipsoid or sphere",2,NA,NA,"vst_YELL_2019","3","49",1.9,147.9,"ARTR2"
"YELL","YELL_011",NA,"NEON.PLA.D12.YELL.00304","sms","Live",NA,NA,0.3,0.5,0.4,NA,"ellipsoid or sphere",2.1,NA,NA,"vst_YELL_2019","3","49",1.6,162.3,"ARTR2"
"YELL","YELL_011",NA,"NEON.PLA.D12.YELL.00303","sms","Live",NA,NA,0.8,0.8,0.7,NA,"ellipsoid or sphere",2.1,NA,NA,"vst_YELL_2019","1","49",9.1,179.8,"ARTR2"
"YELL","YELL_011",NA,"NEON.PLA.D12.YELL.00295","sms","Live",NA,NA,0.5,0.8,0.5,NA,"ellipsoid or sphere",1.4,NA,NA,"vst_YELL_2019","2","33",1.6,339.3,"ARTR2"
"YELL","YELL_011",NA,"NEON.PLA.D12.YELL.00301","sms","Standing dead",NA,NA,0.6,0.9,0.8,NA,"ellipsoid or sphere",1.8,NA,NA,"vst_YELL_2019","1","51",13,223.2,"ARTR2"
"YELL","YELL_011",NA,"NEON.PLA.D12.YELL.00312","sms","Standing dead",NA,NA,0.3,0.4,0.3,NA,"ellipsoid or sphere",1,NA,NA,"vst_YELL_2019","3","49",1.2,116.9,"ARTR2"
"YELL","YELL_011",NA,"NEON.PLA.D12.YELL.00291","sms","Standing dead",NA,NA,0.4,0.9,0.6,NA,"ellipsoid or sphere",1.5,NA,NA,"vst_YELL_2019","1","31",1.1,53.2,"ARTR2"
"YELL","YELL_011",NA,"NEON.PLA.D12.YELL.00292","sms","Live",NA,NA,0.5,0.8,0.6,NA,"ellipsoid or sphere",4,NA,NA,"vst_YELL_2019","1","31",2.5,44.6,"ARTR2"
"YELL","YELL_011",NA,"NEON.PLA.D12.YELL.00297","sms","Live",NA,NA,0.8,1,0.6,NA,"ellipsoid or sphere",2.1,NA,NA,"vst_YELL_2019","4","51",1.2,241.2,"ARTR2"
"YELL","YELL_011",NA,"NEON.PLA.D12.YELL.00314","sms","Live",NA,NA,0.2,0.2,0.1,NA,"ellipsoid or sphere",1,NA,NA,"vst_YELL_2019","3","49",0.9,138.2,"ARTR2"
"YELL","YELL_011",NA,"NEON.PLA.D12.YELL.00292","sms","Live",NA,NA,0.5,0.8,0.6,NA,"ellipsoid or sphere",3,NA,NA,"vst_YELL_2019","1","31",2.5,44.6,"ARTR2"
"YELL","YELL_011",NA,"NEON.PLA.D12.YELL.00296","sms","Standing dead",NA,NA,0.1,0.4,0.3,NA,"inverted cone",2,0.1,0.1,"vst_YELL_2019","2","33",1.5,351.6,"ARTR2"
"YELL","YELL_011",NA,"NEON.PLA.D12.YELL.00291","sms","Live",NA,NA,0.4,0.9,0.6,NA,"ellipsoid or sphere",1.8,NA,NA,"vst_YELL_2019","1","31",1.1,53.2,"ARTR2"
"YELL","YELL_011",NA,"NEON.PLA.D12.YELL.00301","sms","Standing dead",NA,NA,0.6,0.9,0.8,NA,"ellipsoid or sphere",2.6,NA,NA,"vst_YELL_2019","1","51",13,223.2,"ARTR2"
"YELL","YELL_011",NA,"NEON.PLA.D12.YELL.00302","sms","Live",NA,NA,0.7,0.7,0.4,NA,"ellipsoid or sphere",5.5,NA,NA,"vst_YELL_2019","1","51",12.6,222.7,"ARTR2"
"YELL","YELL_011",NA,"NEON.PLA.D12.YELL.00303","sms","Live",NA,NA,0.8,0.8,0.7,NA,"ellipsoid or sphere",1.6,NA,NA,"vst_YELL_2019","1","49",9.1,179.8,"ARTR2"
"YELL","YELL_011",NA,"NEON.PLA.D12.YELL.00301","sms","Standing dead",NA,NA,0.6,0.9,0.8,NA,"ellipsoid or sphere",2.2,NA,NA,"vst_YELL_2019","1","51",13,223.2,"ARTR2"
"YELL","YELL_011",NA,"NEON.PLA.D12.YELL.00310","sms","Live",NA,NA,0.4,0.3,0.3,NA,"ellipsoid or sphere",2.3,NA,NA,"vst_YELL_2019","3","49",1.2,132,"ARTR2"
"YELL","YELL_013",NA,"NEON.PLA.D12.YELL.00081","sms","Live",NA,NA,0.5,0.7,0.6,NA,"half-sphere",1.8,NA,NA,"vst_YELL_2019","1","49",10.2,173.6,"ARTR2"
"YELL","YELL_013",NA,"NEON.PLA.D12.YELL.00092","sms","Live",NA,NA,0.5,0.4,0.2,NA,"half-sphere",2.2,NA,NA,"vst_YELL_2019","4","51",1.7,187,"ARTR2"
"YELL","YELL_013",NA,"NEON.PLA.D12.YELL.00076","sms","Live",NA,NA,0.4,0.5,0.2,NA,"ellipsoid or sphere",2,NA,NA,"vst_YELL_2019","4","31",12.3,41.8,"ARTR2"
"YELL","YELL_013",NA,"NEON.PLA.D12.YELL.00052","sms","Standing dead",NA,NA,0.3,0.8,0.6,NA,"half-sphere",5.6,NA,NA,"vst_YELL_2019","3","49",1.8,173.2,"ARTR2"
"YELL","YELL_013",NA,"NEON.PLA.D12.YELL.00094","sms","Live",NA,NA,0.4,0.5,0.3,NA,"inverted cone",1.4,0.1,0.1,"vst_YELL_2019","1","51",12.9,222.4,"ARTR2"
"YELL","YELL_013",NA,"NEON.PLA.D12.YELL.00098","sms","Live",NA,NA,0.9,0.7,0.4,NA,"ellipsoid or sphere",1.3,NA,NA,"vst_YELL_2019","1","51",12.3,224.7,"ARTR2"
"YELL","YELL_013",NA,"NEON.PLA.D12.YELL.00081","sms","Live",NA,NA,0.5,0.7,0.6,NA,"half-sphere",1.5,NA,NA,"vst_YELL_2019","1","49",10.2,173.6,"ARTR2"
"YELL","YELL_013",NA,"NEON.PLA.D12.YELL.00102","sms","Live",NA,NA,0.7,0.7,0.5,NA,"half-sphere",2.1,NA,NA,"vst_YELL_2019","1","51",12.7,229.1,"ARTR2"
"YELL","YELL_013",NA,"NEON.PLA.D12.YELL.00083","sms","Live",NA,NA,0.4,0.7,0.4,NA,"ellipsoid or sphere",1.7,NA,NA,"vst_YELL_2019","1","31",10.7,3,"ARTR2"
"YELL","YELL_013",NA,"NEON.PLA.D12.YELL.00100","sms","Live",NA,NA,0.6,0.8,0.4,NA,"half-sphere",2,NA,NA,"vst_YELL_2019","1","51",12.1,226.5,"ARTR2"
"YELL","YELL_013",NA,"NEON.PLA.D12.YELL.00079","sms","Live",NA,NA,0.4,0.5,0.3,NA,"half-sphere",2.3,NA,NA,"vst_YELL_2019","1","49",9.8,171.9,"ARTR2"
"YELL","YELL_013",NA,"NEON.PLA.D12.YELL.00091","sms","Live",NA,NA,0.2,0.3,0.2,NA,"half-sphere",1.8,NA,NA,"vst_YELL_2019","4","51",1.8,196.6,"ARTR2"
"YELL","YELL_013",NA,"NEON.PLA.D12.YELL.00098","sms","Live",NA,NA,0.9,0.7,0.4,NA,"ellipsoid or sphere",1,NA,NA,"vst_YELL_2019","1","51",12.3,224.7,"ARTR2"
"YELL","YELL_013",NA,"NEON.PLA.D12.YELL.00098","sms","Live",NA,NA,0.9,0.7,0.4,NA,"ellipsoid or sphere",2.1,NA,NA,"vst_YELL_2019","1","51",12.3,224.7,"ARTR2"
"YELL","YELL_013",NA,"NEON.PLA.D12.YELL.00077","sms","Live",NA,NA,0.1,0.3,0.1,NA,"half-sphere",1.5,NA,NA,"vst_YELL_2019","4","31",12.8,43.7,"ARTR2"
"YELL","YELL_013",NA,"NEON.PLA.D12.YELL.00081","sms","Standing dead",NA,NA,0.5,0.7,0.6,NA,"half-sphere",1.3,NA,NA,"vst_YELL_2019","1","49",10.2,173.6,"ARTR2"
"YELL","YELL_013",NA,"NEON.PLA.D12.YELL.00085","sms","Live",NA,NA,0.7,0.6,0.4,NA,"half-sphere",2,NA,NA,"vst_YELL_2019","3","49",1.3,143.4,"ARTR2"
"YELL","YELL_013",NA,"NEON.PLA.D12.YELL.00084","sms","Live",NA,NA,0.8,1.1,0.6,NA,"half-sphere",3.8,NA,NA,"vst_YELL_2019","1","31",11.3,3,"ARTR2"
"YELL","YELL_013",NA,"NEON.PLA.D12.YELL.00087","sms","Live",NA,NA,0.5,0.6,0.3,NA,"half-sphere",2,NA,NA,"vst_YELL_2019","4","33",8.9,353.8,"ARTR2"
"YELL","YELL_013",NA,"NEON.PLA.D12.YELL.00082","sms","Live",NA,NA,0.5,0.9,0.7,NA,"half-sphere",2.2,NA,NA,"vst_YELL_2019","1","31",10.2,3.2,"ARTR2"
"YELL","YELL_013",NA,"NEON.PLA.D12.YELL.00081","sms","Live",NA,NA,0.5,0.7,0.6,NA,"half-sphere",1.7,NA,NA,"vst_YELL_2019","1","49",10.2,173.6,"ARTR2"
"YELL","YELL_013",NA,"NEON.PLA.D12.YELL.00083","sms","Live",NA,NA,0.4,0.7,0.4,NA,"ellipsoid or sphere",1.8,NA,NA,"vst_YELL_2019","1","31",10.7,3,"ARTR2"
"YELL","YELL_013",NA,"NEON.PLA.D12.YELL.00085","sms","Standing dead",NA,NA,0.7,0.6,0.4,NA,"half-sphere",1.4,NA,NA,"vst_YELL_2019","3","49",1.3,143.4,"ARTR2"
"YELL","YELL_013",NA,"NEON.PLA.D12.YELL.00097","sms","Live",NA,NA,0.7,1.1,0.6,NA,"half-sphere",2,NA,NA,"vst_YELL_2019","1","51",12.6,225.1,"ARTR2"
"YELL","YELL_013",NA,"NEON.PLA.D12.YELL.00095","sms","Standing dead",NA,NA,0.2,0.3,0.1,NA,"half-sphere",1,NA,NA,"vst_YELL_2019","1","51",12.7,221.4,"ARTR2"
"YELL","YELL_013",NA,"NEON.PLA.D12.YELL.00082","sms","Live",NA,NA,0.5,0.9,0.7,NA,"half-sphere",1.7,NA,NA,"vst_YELL_2019","1","31",10.2,3.2,"ARTR2"
"YELL","YELL_013",NA,"NEON.PLA.D12.YELL.00090","sms","Live",NA,NA,0.2,0.3,0.1,NA,"half-sphere",2.2,NA,NA,"vst_YELL_2019","4","51",1.7,200.4,"ARTR2"
"YELL","YELL_013",NA,"NEON.PLA.D12.YELL.00084","sms","Live",NA,NA,0.8,1.1,0.6,NA,"half-sphere",4.1,NA,NA,"vst_YELL_2019","1","31",11.3,3,"ARTR2"
"YELL","YELL_013",NA,"NEON.PLA.D12.YELL.00086","sms","Live",NA,NA,1,0.7,0.7,NA,"ellipsoid or sphere",3.8,NA,NA,"vst_YELL_2019","3","49",0.9,117.5,"ARTR2"
"YELL","YELL_013",NA,"NEON.PLA.D12.YELL.00082","sms","Live",NA,NA,0.5,0.9,0.7,NA,"half-sphere",2.6,NA,NA,"vst_YELL_2019","1","31",10.2,3.2,"ARTR2"
"YELL","YELL_013",NA,"NEON.PLA.D12.YELL.00081","sms","Live",NA,NA,0.5,0.7,0.6,NA,"half-sphere",1.8,NA,NA,"vst_YELL_2019","1","49",10.2,173.6,"ARTR2"
"YELL","YELL_013",NA,"NEON.PLA.D12.YELL.00099","sms","Live",NA,NA,0.5,0.6,0.2,NA,"half-sphere",3,NA,NA,"vst_YELL_2019","1","51",11.9,224.7,"ARTR2"
"YELL","YELL_013",NA,"NEON.PLA.D12.YELL.00096","sms","Live",NA,NA,0.3,0.3,0.2,NA,"ellipsoid or sphere",1.1,NA,NA,"vst_YELL_2019","1","51",13.3,225.4,"ARTR2"
"YELL","YELL_013",NA,"NEON.PLA.D12.YELL.00087","sms","Live",NA,NA,0.5,0.6,0.3,NA,"half-sphere",2.1,NA,NA,"vst_YELL_2019","4","33",8.9,353.8,"ARTR2"
"YELL","YELL_013",NA,"NEON.PLA.D12.YELL.00096","sms","Live",NA,NA,0.3,0.3,0.2,NA,"ellipsoid or sphere",1.2,NA,NA,"vst_YELL_2019","1","51",13.3,225.4,"ARTR2"
"YELL","YELL_013",NA,"NEON.PLA.D12.YELL.00098","sms","Live",NA,NA,0.9,0.7,0.4,NA,"ellipsoid or sphere",1.5,NA,NA,"vst_YELL_2019","1","51",12.3,224.7,"ARTR2"
"YELL","YELL_013",NA,"NEON.PLA.D12.YELL.00089","sms","Live",NA,NA,0.3,0.6,0.5,NA,"half-sphere",2.4,NA,NA,"vst_YELL_2019","4","51",1.4,205.6,"ARTR2"
"YELL","YELL_013",NA,"NEON.PLA.D12.YELL.00081","sms","Live",NA,NA,0.5,0.7,0.6,NA,"half-sphere",1.6,NA,NA,"vst_YELL_2019","1","49",10.2,173.6,"ARTR2"
"YELL","YELL_013",NA,"NEON.PLA.D12.YELL.00102","sms","Live",NA,NA,0.7,0.7,0.5,NA,"half-sphere",3.3,NA,NA,"vst_YELL_2019","1","51",12.7,229.1,"ARTR2"
"YELL","YELL_013",NA,"NEON.PLA.D12.YELL.00087","sms","Standing dead",NA,NA,0.5,0.6,0.3,NA,"half-sphere",2,NA,NA,"vst_YELL_2019","4","33",8.9,353.8,"ARTR2"
"YELL","YELL_013",NA,"NEON.PLA.D12.YELL.00103","sms","Live",NA,NA,0.4,0.2,0.2,NA,"half-sphere",1.3,NA,NA,"vst_YELL_2019","1","51",12.6,228.1,"ARTR2"
"YELL","YELL_013",NA,"NEON.PLA.D12.YELL.00085","sms","Standing dead",NA,NA,0.7,0.6,0.4,NA,"half-sphere",1.8,NA,NA,"vst_YELL_2019","3","49",1.3,143.4,"ARTR2"
"YELL","YELL_013",NA,"NEON.PLA.D12.YELL.00082","sms","Live",NA,NA,0.5,0.9,0.7,NA,"half-sphere",2.1,NA,NA,"vst_YELL_2019","1","31",10.2,3.2,"ARTR2"
"YELL","YELL_013",NA,"NEON.PLA.D12.YELL.00080","sms","Live",NA,NA,0.5,0.5,0.4,NA,"half-sphere",1.1,NA,NA,"vst_YELL_2019","1","49",10,170.7,"ARTR2"
"YELL","YELL_013",NA,"NEON.PLA.D12.YELL.00099","sms","Standing dead",NA,NA,0.5,0.6,0.2,NA,"half-sphere",3.7,NA,NA,"vst_YELL_2019","1","51",11.9,224.7,"ARTR2"
"YELL","YELL_013",NA,"NEON.PLA.D12.YELL.00082","sms","Live",NA,NA,0.5,0.9,0.7,NA,"half-sphere",2.4,NA,NA,"vst_YELL_2019","1","31",10.2,3.2,"ARTR2"
"YELL","YELL_013",NA,"NEON.PLA.D12.YELL.00078","sms","Live",NA,NA,0.3,0.2,0.1,NA,"cylinder",17,NA,NA,"vst_YELL_2019","4","31",13.5,38.2,"ARTR2"
"YELL","YELL_013",NA,"NEON.PLA.D12.YELL.00102","sms","Live",NA,NA,0.7,0.7,0.5,NA,"half-sphere",3,NA,NA,"vst_YELL_2019","1","51",12.7,229.1,"ARTR2"
"YELL","YELL_013",NA,"NEON.PLA.D12.YELL.00075","sms","Standing dead",NA,NA,0.2,0.2,0.1,NA,"half-sphere",2.5,NA,NA,"vst_YELL_2019","4","31",12.3,40.6,"ARTR2"
"YELL","YELL_013",NA,"NEON.PLA.D12.YELL.00097","sms","Live",NA,NA,0.7,1.1,0.6,NA,"half-sphere",2.8,NA,NA,"vst_YELL_2019","1","51",12.6,225.1,"ARTR2"
"YELL","YELL_013",NA,"NEON.PLA.D12.YELL.00094","sms","Live",NA,NA,0.4,0.5,0.3,NA,"inverted cone",1.3,0.1,0.1,"vst_YELL_2019","1","51",12.9,222.4,"ARTR2"
"YELL","YELL_013",NA,"NEON.PLA.D12.YELL.00081","sms","Live",NA,NA,0.5,0.7,0.6,NA,"half-sphere",1.3,NA,NA,"vst_YELL_2019","1","49",10.2,173.6,"ARTR2"
"YELL","YELL_013",NA,"NEON.PLA.D12.YELL.00084","sms","Live",NA,NA,0.8,1.1,0.6,NA,"half-sphere",4.5,NA,NA,"vst_YELL_2019","1","31",11.3,3,"ARTR2"
"YELL","YELL_013",NA,"NEON.PLA.D12.YELL.00097","sms","Live",NA,NA,0.7,1.1,0.6,NA,"half-sphere",2.1,NA,NA,"vst_YELL_2019","1","51",12.6,225.1,"ARTR2"
"YELL","YELL_013",NA,"NEON.PLA.D12.YELL.00080","sms","Live",NA,NA,0.5,0.5,0.4,NA,"half-sphere",1,NA,NA,"vst_YELL_2019","1","49",10,170.7,"ARTR2"
"YELL","YELL_013",NA,"NEON.PLA.D12.YELL.00101","sms","Live",NA,NA,0.5,0.4,0.2,NA,"half-sphere",2.1,NA,NA,"vst_YELL_2019","1","51",12.3,229,"ARTR2"
"YELL","YELL_013",NA,"NEON.PLA.D12.YELL.00100","sms","Live",NA,NA,0.6,0.8,0.4,NA,"half-sphere",1.2,NA,NA,"vst_YELL_2019","1","51",12.1,226.5,"ARTR2"
"YELL","YELL_013",NA,"NEON.PLA.D12.YELL.00093","sms","Live",NA,NA,0.2,0.3,0.1,NA,"half-sphere",1.8,NA,NA,"vst_YELL_2019","1","51",12.5,221.7,"ARTR2"
"YELL","YELL_013",NA,"NEON.PLA.D12.YELL.00097","sms","Live",NA,NA,0.7,1.1,0.6,NA,"half-sphere",1.9,NA,NA,"vst_YELL_2019","1","51",12.6,225.1,"ARTR2"
"YELL","YELL_013",NA,"NEON.PLA.D12.YELL.00103","sms","Live",NA,NA,0.4,0.2,0.2,NA,"half-sphere",1.1,NA,NA,"vst_YELL_2019","1","51",12.6,228.1,"ARTR2"
"YELL","YELL_013",NA,"NEON.PLA.D12.YELL.00100","sms","Live",NA,NA,0.6,0.8,0.4,NA,"half-sphere",1.5,NA,NA,"vst_YELL_2019","1","51",12.1,226.5,"ARTR2"
"YELL","YELL_013",NA,"NEON.PLA.D12.YELL.00088","sms","Live",NA,NA,2,0.6,0.4,NA,"half-sphere",2,NA,NA,"vst_YELL_2019","4","51",1.1,212.6,"ARTR2"
"YELL","YELL_016",NA,"NEON.PLA.D12.YELL.00061","sms","Standing dead",NA,NA,0.8,1.1,1,NA,"ellipsoid or sphere",2,NA,NA,"vst_YELL_2019","4","31",9.2,45,"ARTR2"
"YELL","YELL_016",NA,"NEON.PLA.D12.YELL.00046","sms","Live",NA,NA,0.4,1,0.8,NA,"oblate half-sphere",2.2,NA,NA,"vst_YELL_2019","4","51",4.1,241.5,"ARTR2"
"YELL","YELL_016",NA,"NEON.PLA.D12.YELL.00036","sms","Live",NA,NA,0.2,0.5,0.4,NA,"half-sphere",1,NA,NA,"vst_YELL_2019","4","51",3.2,266.7,"ARTR2"
"YELL","YELL_016",NA,"NEON.PLA.D12.YELL.00062","sms","Live",NA,NA,0.6,1.4,1,NA,"half-sphere",1.4,NA,NA,"vst_YELL_2019","4","31",10.4,55.3,"ARTR2"
"YELL","YELL_003",NA,"NEON.PLA.D12.YELL.00333","sms","Standing dead",NA,NA,0.4,0.3,0.1,NA,"cylinder",1.6,NA,NA,"vst_YELL_2019","3","31",19,9.1,"ARTR2"
"YELL","YELL_016",NA,"NEON.PLA.D12.YELL.00046","sms","Live",NA,NA,0.4,1,0.8,NA,"oblate half-sphere",1.2,NA,NA,"vst_YELL_2019","4","51",4.1,241.5,"ARTR2"
"YELL","YELL_016",NA,"NEON.PLA.D12.YELL.00071","sms","Live",NA,NA,0.9,1.7,1.4,NA,"oblate half-sphere",5.6,NA,NA,"vst_YELL_2019","4","33",6.3,320.6,"ARTR2"
"YELL","YELL_016",NA,"NEON.PLA.D12.YELL.00071","sms","Live",NA,NA,0.9,1.7,1.4,NA,"oblate half-sphere",4.2,NA,NA,"vst_YELL_2019","4","33",6.3,320.6,"ARTR2"
"YELL","YELL_016",NA,"NEON.PLA.D12.YELL.00041","sms","Live",NA,NA,0.4,0.8,0.8,NA,"half-sphere",1.5,NA,NA,"vst_YELL_2019","4","51",4.5,251.1,"ARTR2"
"YELL","YELL_016",NA,"NEON.PLA.D12.YELL.00061","sms","Live",NA,NA,0.8,1.1,1,NA,"ellipsoid or sphere",3.8,NA,NA,"vst_YELL_2019","4","31",9.2,45,"ARTR2"
"YELL","YELL_016",NA,"NEON.PLA.D12.YELL.00071","sms","Standing dead",NA,NA,0.9,1.7,1.4,NA,"oblate half-sphere",1.1,NA,NA,"vst_YELL_2019","4","33",6.3,320.6,"ARTR2"
"YELL","YELL_016",NA,"NEON.PLA.D12.YELL.00061","sms","Standing dead",NA,NA,0.8,1.1,1,NA,"ellipsoid or sphere",1.1,NA,NA,"vst_YELL_2019","4","31",9.2,45,"ARTR2"
"YELL","YELL_016",NA,"NEON.PLA.D12.YELL.00059","sms","Standing dead",NA,NA,0.4,0.9,0.6,NA,"ellipsoid or sphere",2.7,NA,NA,"vst_YELL_2019","4","31",7.6,47.8,"ARTR2"
"YELL","YELL_003",NA,"NEON.PLA.D12.YELL.00328","sms","Live",NA,NA,0.7,0.7,0.4,NA,"inverted cone",1.8,0.1,0.1,"vst_YELL_2019","4","33",15.6,306.8,"ARTR2"
"YELL","YELL_016",NA,"NEON.PLA.D12.YELL.00069","sms","Standing dead",NA,NA,0.2,0.6,0.3,NA,"half-sphere",2.6,NA,NA,"vst_YELL_2019","2","33",6.3,313.6,"ARTR2"
"YELL","YELL_003",NA,"NEON.PLA.D12.YELL.00337","sms","Standing dead",NA,NA,1,1.6,0.8,NA,"half-sphere",3.9,NA,NA,"vst_YELL_2019","4","33",19,356.8,"ARTR2"
"YELL","YELL_016",NA,"NEON.PLA.D12.YELL.00072","sms","Standing dead",NA,NA,1,0.6,0.2,NA,"half-sphere",2,NA,NA,"vst_YELL_2019","2","33",4.8,348.1,"ARTR2"
"YELL","YELL_016",NA,"NEON.PLA.D12.YELL.00050","sms","Standing dead",NA,NA,0.3,0.9,0.7,NA,"half-sphere",1.2,NA,NA,"vst_YELL_2019","1","51",11.9,227,"ARTR2"
"YELL","YELL_016",NA,"NEON.PLA.D12.YELL.00050","sms","Live",NA,NA,0.3,0.9,0.7,NA,"half-sphere",1.4,NA,NA,"vst_YELL_2019","1","51",11.9,227,"ARTR2"
"YELL","YELL_016",NA,"NEON.PLA.D12.YELL.00061","sms","Live",NA,NA,0.8,1.1,1,NA,"ellipsoid or sphere",2.8,NA,NA,"vst_YELL_2019","4","31",9.2,45,"ARTR2"
"YELL","YELL_016",NA,"NEON.PLA.D12.YELL.00071","sms","Live",NA,NA,0.9,1.7,1.4,NA,"oblate half-sphere",5.8,NA,NA,"vst_YELL_2019","4","33",6.3,320.6,"ARTR2"
"YELL","YELL_016",NA,"NEON.PLA.D12.YELL.00073","sms","Live",NA,NA,0.5,1.1,0.8,NA,"oblate half-sphere",2.8,NA,NA,"vst_YELL_2019","4","33",8,329,"ARTR2"
"YELL","YELL_016",NA,"NEON.PLA.D12.YELL.00036","sms","Live",NA,NA,0.2,0.5,0.4,NA,"half-sphere",1.4,NA,NA,"vst_YELL_2019","4","51",3.2,266.7,"ARTR2"
"YELL","YELL_016",NA,"NEON.PLA.D12.YELL.00051","sms","Live",NA,NA,0.6,1.2,1,NA,"oblate half-sphere",2.7,NA,NA,"vst_YELL_2019","1","49",10.9,157.9,"ARTR2"
"YELL","YELL_016",NA,"NEON.PLA.D12.YELL.00048","sms","Live",NA,NA,0.3,0.7,0.5,NA,"half-sphere",2.1,NA,NA,"vst_YELL_2019","4","51",4,198.7,"ARTR2"
"YELL","YELL_016",NA,"NEON.PLA.D12.YELL.00044","sms","Live",NA,NA,0.3,0.7,0.5,NA,"ellipsoid or sphere",2.4,NA,NA,"vst_YELL_2019","4","51",3.4,250,"ARTR2"
"YELL","YELL_003",NA,"NEON.PLA.D12.YELL.00326","sms","Standing dead",NA,NA,0.6,0.7,0.4,NA,"half-sphere",1.8,NA,NA,"vst_YELL_2019","4","33",10.1,353.6,"ARTR2"
"YELL","YELL_016",NA,"NEON.PLA.D12.YELL.00040","sms","Standing dead",NA,NA,0.3,0.7,0.6,NA,"half-sphere",1,NA,NA,"vst_YELL_2019","4","51",4.2,262.2,"ARTR2"
"YELL","YELL_016",NA,"NEON.PLA.D12.YELL.00066","sms","Live",NA,NA,0.5,0.6,0.6,NA,"half-sphere",1.5,NA,NA,"vst_YELL_2019","4","31",12.6,43.4,"ARTR2"
"YELL","YELL_016",NA,"NEON.PLA.D12.YELL.00064","sms","Standing dead",NA,NA,0.3,0.4,0.3,NA,"half-sphere",3,NA,NA,"vst_YELL_2019","4","31",10.2,31.7,"ARTR2"
"YELL","YELL_003",NA,"NEON.PLA.D12.YELL.00329","sms","Live",NA,NA,0.6,1.4,0.7,NA,"half-sphere",6.8,NA,NA,"vst_YELL_2019","1","31",10.8,8.6,"ARTR2"
"YELL","YELL_003",NA,"NEON.PLA.D12.YELL.00335","sms","Live",NA,NA,0.7,0.7,0.4,NA,"half-sphere",1.4,NA,NA,"vst_YELL_2019","1","33",14.6,318.7,"ARTR2"
"YELL","YELL_016",NA,"NEON.PLA.D12.YELL.00068","sms","Live",NA,NA,0.8,1.4,1.2,NA,"half-sphere",3.3,NA,NA,"vst_YELL_2019","4","31",12.6,47.2,"ARTR2"
"YELL","YELL_016",NA,"NEON.PLA.D12.YELL.00048","sms","Live",NA,NA,0.3,0.7,0.5,NA,"half-sphere",1.6,NA,NA,"vst_YELL_2019","4","51",4,198.7,"ARTR2"
"YELL","YELL_016",NA,"NEON.PLA.D12.YELL.00062","sms","Live",NA,NA,0.6,1.4,1,NA,"half-sphere",2.5,NA,NA,"vst_YELL_2019","4","31",10.4,55.3,"ARTR2"
"YELL","YELL_016",NA,"NEON.PLA.D12.YELL.00068","sms","Live",NA,NA,0.8,1.4,1.2,NA,"half-sphere",4.1,NA,NA,"vst_YELL_2019","4","31",12.6,47.2,"ARTR2"
"YELL","YELL_016",NA,"NEON.PLA.D12.YELL.00066","sms","Live",NA,NA,0.5,0.6,0.6,NA,"half-sphere",1.6,NA,NA,"vst_YELL_2019","4","31",12.6,43.4,"ARTR2"
"YELL","YELL_003",NA,"NEON.PLA.D12.YELL.00332","sms","Standing dead",NA,NA,0.2,0.3,0.1,NA,"half-sphere",3.4,NA,NA,"vst_YELL_2019","3","31",18.9,9.1,"ARTR2"
"YELL","YELL_016",NA,"NEON.PLA.D12.YELL.00068","sms","Live",NA,NA,0.8,1.4,1.2,NA,"half-sphere",3.3,NA,NA,"vst_YELL_2019","4","31",12.6,47.2,"ARTR2"
"YELL","YELL_016",NA,"NEON.PLA.D12.YELL.00042","sms","Live",NA,NA,0.3,0.5,0.5,NA,"half-sphere",1.2,NA,NA,"vst_YELL_2019","4","51",3.7,256.5,"ARTR2"
"YELL","YELL_016",NA,"NEON.PLA.D12.YELL.00062","sms","Live",NA,NA,0.6,1.4,1,NA,"half-sphere",2,NA,NA,"vst_YELL_2019","4","31",10.4,55.3,"ARTR2"
"YELL","YELL_016",NA,"NEON.PLA.D12.YELL.00063","sms","Live",NA,NA,0.5,1.2,0.9,NA,"oblate half-sphere",2.7,NA,NA,"vst_YELL_2019","4","31",9.7,38.2,"ARTR2"
"YELL","YELL_016",NA,"NEON.PLA.D12.YELL.00045","sms","Live",NA,NA,0.3,0.5,0.3,NA,"ellipsoid or sphere",1.2,NA,NA,"vst_YELL_2019","4","51",3.6,242.6,"ARTR2"
"YELL","YELL_003",NA,"NEON.PLA.D12.YELL.00325","sms","Live",NA,NA,0.8,0.8,0.6,NA,"ellipsoid or sphere",1.9,NA,NA,"vst_YELL_2019","4","33",10.1,349.6,"ARTR2"
"YELL","YELL_003",NA,"NEON.PLA.D12.YELL.00337","sms","Live",NA,NA,1,1.6,0.8,NA,"half-sphere",4.1,NA,NA,"vst_YELL_2019","4","33",19,356.8,"ARTR2"
"YELL","YELL_016",NA,"NEON.PLA.D12.YELL.00046","sms","Live",NA,NA,0.4,1,0.8,NA,"oblate half-sphere",1,NA,NA,"vst_YELL_2019","4","51",4.1,241.5,"ARTR2"
"YELL","YELL_016",NA,"NEON.PLA.D12.YELL.00043","sms","Live",NA,NA,0.4,0.6,0.6,NA,"half-sphere",1,NA,NA,"vst_YELL_2019","4","51",3.4,254.1,"ARTR2"
"YELL","YELL_016",NA,"NEON.PLA.D12.YELL.00062","sms","Live",NA,NA,0.6,1.4,1,NA,"half-sphere",2.1,NA,NA,"vst_YELL_2019","4","31",10.4,55.3,"ARTR2"
"YELL","YELL_003",NA,"NEON.PLA.D12.YELL.00330","sms","Live",NA,NA,0.6,0.7,0.6,NA,"half-sphere",1.2,NA,NA,"vst_YELL_2019","1","31",11,11,"ARTR2"
"YELL","YELL_003",NA,"NEON.PLA.D12.YELL.00327","sms","Standing dead",NA,NA,0.2,0.5,0.2,NA,"ellipsoid or sphere",2.8,NA,NA,"vst_YELL_2019","4","33",15.8,310,"ARTR2"
"YELL","YELL_003",NA,"NEON.PLA.D12.YELL.00317","sms","Live",NA,NA,0.5,0.4,0.3,NA,"ellipsoid or sphere",2.3,NA,NA,"vst_YELL_2019","1","33",20.5,273.7,"ARTR2"
"YELL","YELL_016",NA,"NEON.PLA.D12.YELL.00043","sms","Live",NA,NA,0.4,0.6,0.6,NA,"half-sphere",1.1,NA,NA,"vst_YELL_2019","4","51",3.4,254.1,"ARTR2"
"YELL","YELL_016",NA,"NEON.PLA.D12.YELL.00043","sms","Live",NA,NA,0.4,0.6,0.6,NA,"half-sphere",1,NA,NA,"vst_YELL_2019","4","51",3.4,254.1,"ARTR2"
"YELL","YELL_003",NA,"NEON.PLA.D12.YELL.00324","sms","Live",NA,NA,0.3,1,0.4,NA,"ellipsoid or sphere",4.3,NA,NA,"vst_YELL_2019","4","33",9.5,357.1,"ARTR2"
"YELL","YELL_016",NA,"NEON.PLA.D12.YELL.00041","sms","Live",NA,NA,0.4,0.8,0.8,NA,"half-sphere",1.8,NA,NA,"vst_YELL_2019","4","51",4.5,251.1,"ARTR2"
"YELL","YELL_016",NA,"NEON.PLA.D12.YELL.00051","sms","Live",NA,NA,0.6,1.2,1,NA,"oblate half-sphere",1.1,NA,NA,"vst_YELL_2019","1","49",10.9,157.9,"ARTR2"
"YELL","YELL_016",NA,"NEON.PLA.D12.YELL.00041","sms","Live",NA,NA,0.4,0.8,0.8,NA,"half-sphere",2,NA,NA,"vst_YELL_2019","4","51",4.5,251.1,"ARTR2"
"YELL","YELL_003",NA,"NEON.PLA.D12.YELL.00329","sms","Live",NA,NA,0.6,1.4,0.7,NA,"half-sphere",3,NA,NA,"vst_YELL_2019","1","31",10.8,8.6,"ARTR2"
"YELL","YELL_003",NA,"NEON.PLA.D12.YELL.00320","sms","Standing dead",NA,NA,0.2,0.3,0.1,NA,"ellipsoid or sphere",1.5,NA,NA,"vst_YELL_2019","1","33",21.4,275.4,"ARTR2"
"YELL","YELL_016",NA,"NEON.PLA.D12.YELL.00060","sms","Live",NA,NA,0.7,1.2,0.7,NA,"half-sphere",4.1,NA,NA,"vst_YELL_2019","4","31",8.5,41,"ARTR2"
"YELL","YELL_016",NA,"NEON.PLA.D12.YELL.00042","sms","Live",NA,NA,0.3,0.5,0.5,NA,"half-sphere",1.8,NA,NA,"vst_YELL_2019","4","51",3.7,256.5,"ARTR2"
"YELL","YELL_003",NA,"NEON.PLA.D12.YELL.00321","sms","Standing dead",NA,NA,0.4,0.4,0.2,NA,"ellipsoid or sphere",1.1,NA,NA,"vst_YELL_2019","1","33",21.7,276,"ARTR2"
"YELL","YELL_016",NA,"NEON.PLA.D12.YELL.00061","sms","Live",NA,NA,0.8,1.1,1,NA,"ellipsoid or sphere",2.8,NA,NA,"vst_YELL_2019","4","31",9.2,45,"ARTR2"
"YELL","YELL_003",NA,"NEON.PLA.D12.YELL.00336","sms","Live",NA,NA,1,0.8,0.8,NA,"ellipsoid or sphere",4.5,NA,NA,"vst_YELL_2019","4","33",19.7,355.1,"ARTR2"
"YELL","YELL_016",NA,"NEON.PLA.D12.YELL.00067","sms","Live",NA,NA,0.6,1.1,0.9,NA,"half-sphere",2.8,NA,NA,"vst_YELL_2019","4","31",13.1,44.5,"ARTR2"
"YELL","YELL_016",NA,"NEON.PLA.D12.YELL.00040","sms","Standing dead",NA,NA,0.3,0.7,0.6,NA,"half-sphere",1.1,NA,NA,"vst_YELL_2019","4","51",4.2,262.2,"ARTR2"
"YELL","YELL_016",NA,"NEON.PLA.D12.YELL.00042","sms","Live",NA,NA,0.3,0.5,0.5,NA,"half-sphere",1.2,NA,NA,"vst_YELL_2019","4","51",3.7,256.5,"ARTR2"
"YELL","YELL_016",NA,"NEON.PLA.D12.YELL.00041","sms","Live",NA,NA,0.4,0.8,0.8,NA,"half-sphere",1,NA,NA,"vst_YELL_2019","4","51",4.5,251.1,"ARTR2"
"YELL","YELL_016",NA,"NEON.PLA.D12.YELL.00040","sms","Live",NA,NA,0.3,0.7,0.6,NA,"half-sphere",2.3,NA,NA,"vst_YELL_2019","4","51",4.2,262.2,"ARTR2"
"YELL","YELL_016",NA,"NEON.PLA.D12.YELL.00071","sms","Standing dead",NA,NA,0.9,1.7,1.4,NA,"oblate half-sphere",1.3,NA,NA,"vst_YELL_2019","4","33",6.3,320.6,"ARTR2"
"YELL","YELL_016",NA,"NEON.PLA.D12.YELL.00038","sms","Live",NA,NA,0.4,0.6,0.4,NA,"half-sphere",1.8,NA,NA,"vst_YELL_2019","4","51",3.7,269,"ARTR2"
"YELL","YELL_003",NA,"NEON.PLA.D12.YELL.00335","sms","Live",NA,NA,0.7,0.7,0.4,NA,"half-sphere",2.9,NA,NA,"vst_YELL_2019","1","33",14.6,318.7,"ARTR2"
"YELL","YELL_016",NA,"NEON.PLA.D12.YELL.00046","sms","Live",NA,NA,0.4,1,0.8,NA,"oblate half-sphere",1.3,NA,NA,"vst_YELL_2019","4","51",4.1,241.5,"ARTR2"
"YELL","YELL_016",NA,"NEON.PLA.D12.YELL.00069","sms","Standing dead",NA,NA,0.2,0.6,0.3,NA,"half-sphere",1.1,NA,NA,"vst_YELL_2019","2","33",6.3,313.6,"ARTR2"
"YELL","YELL_016",NA,"NEON.PLA.D12.YELL.00049","sms","Standing dead",NA,NA,0.1,0.2,0.1,NA,"half-sphere",1.9,NA,NA,"vst_YELL_2019","4","51",4.5,218.1,"ARTR2"
"YELL","YELL_016",NA,"NEON.PLA.D12.YELL.00046","sms","Live",NA,NA,0.4,1,0.8,NA,"oblate half-sphere",2.2,NA,NA,"vst_YELL_2019","4","51",4.1,241.5,"ARTR2"
"YELL","YELL_016",NA,"NEON.PLA.D12.YELL.00051","sms","Live",NA,NA,0.6,1.2,1,NA,"oblate half-sphere",2.6,NA,NA,"vst_YELL_2019","1","49",10.9,157.9,"ARTR2"
"YELL","YELL_016",NA,"NEON.PLA.D12.YELL.00038","sms","Live",NA,NA,0.4,0.6,0.4,NA,"half-sphere",1.1,NA,NA,"vst_YELL_2019","4","51",3.7,269,"ARTR2"
"YELL","YELL_016",NA,"NEON.PLA.D12.YELL.00050","sms","Standing dead",NA,NA,0.3,0.9,0.7,NA,"half-sphere",1,NA,NA,"vst_YELL_2019","1","51",11.9,227,"ARTR2"
"YELL","YELL_003",NA,"NEON.PLA.D12.YELL.00316","sms","Live",NA,NA,0.4,0.7,0.4,NA,"ellipsoid or sphere",2.9,NA,NA,"vst_YELL_2019","1","33",20.4,274.4,"ARTR2"
"YELL","YELL_016",NA,"NEON.PLA.D12.YELL.00073","sms","Live",NA,NA,0.5,1.1,0.8,NA,"oblate half-sphere",1.6,NA,NA,"vst_YELL_2019","4","33",8,329,"ARTR2"
"YELL","YELL_016",NA,"NEON.PLA.D12.YELL.00071","sms","Live",NA,NA,0.9,1.7,1.4,NA,"oblate half-sphere",3.2,NA,NA,"vst_YELL_2019","4","33",6.3,320.6,"ARTR2"
"YELL","YELL_003",NA,"NEON.PLA.D12.YELL.00326","sms","Live",NA,NA,0.6,0.7,0.4,NA,"half-sphere",2.5,NA,NA,"vst_YELL_2019","4","33",10.1,353.6,"ARTR2"
"YELL","YELL_016",NA,"NEON.PLA.D12.YELL.00046","sms","Live",NA,NA,0.4,1,0.8,NA,"oblate half-sphere",1.7,NA,NA,"vst_YELL_2019","4","51",4.1,241.5,"ARTR2"
"YELL","YELL_016",NA,"NEON.PLA.D12.YELL.00065","sms","Live",NA,NA,0.4,0.8,0.4,NA,"half-sphere",2.4,NA,NA,"vst_YELL_2019","4","31",11.8,46.8,"ARTR2"
"YELL","YELL_003",NA,"NEON.PLA.D12.YELL.00320","sms","Standing dead",NA,NA,0.2,0.3,0.1,NA,"ellipsoid or sphere",1.9,NA,NA,"vst_YELL_2019","1","33",21.4,275.4,"ARTR2"
"YELL","YELL_016",NA,"NEON.PLA.D12.YELL.00038","sms","Live",NA,NA,0.4,0.6,0.4,NA,"half-sphere",1.5,NA,NA,"vst_YELL_2019","4","51",3.7,269,"ARTR2"
"YELL","YELL_016",NA,"NEON.PLA.D12.YELL.00059","sms","Live",NA,NA,0.4,0.9,0.6,NA,"ellipsoid or sphere",2.6,NA,NA,"vst_YELL_2019","4","31",7.6,47.8,"ARTR2"
"YELL","YELL_003",NA,"NEON.PLA.D12.YELL.00338","sms","Standing dead",NA,NA,0.6,0.5,0.4,NA,"ellipsoid or sphere",3.1,NA,NA,"vst_YELL_2019","4","33",19.9,356.7,"ARTR2"
"YELL","YELL_016",NA,"NEON.PLA.D12.YELL.00051","sms","Live",NA,NA,0.6,1.2,1,NA,"oblate half-sphere",2.9,NA,NA,"vst_YELL_2019","1","49",10.9,157.9,"ARTR2"
"YELL","YELL_016",NA,"NEON.PLA.D12.YELL.00061","sms","Standing dead",NA,NA,0.8,1.1,1,NA,"ellipsoid or sphere",1.7,NA,NA,"vst_YELL_2019","4","31",9.2,45,"ARTR2"
"YELL","YELL_016",NA,"NEON.PLA.D12.YELL.00047","sms","Live",NA,NA,0.3,0.7,0.5,NA,"ellipsoid or sphere",2,NA,NA,"vst_YELL_2019","4","51",3.7,221.1,"ARTR2"
"YELL","YELL_003",NA,"NEON.PLA.D12.YELL.00337","sms","Live",NA,NA,1,1.6,0.8,NA,"half-sphere",4.5,NA,NA,"vst_YELL_2019","4","33",19,356.8,"ARTR2"
"YELL","YELL_016",NA,"NEON.PLA.D12.YELL.00044","sms","Live",NA,NA,0.3,0.7,0.5,NA,"ellipsoid or sphere",1.1,NA,NA,"vst_YELL_2019","4","51",3.4,250,"ARTR2"
"YELL","YELL_016",NA,"NEON.PLA.D12.YELL.00050","sms","Standing dead",NA,NA,0.3,0.9,0.7,NA,"half-sphere",1.3,NA,NA,"vst_YELL_2019","1","51",11.9,227,"ARTR2"
"YELL","YELL_003",NA,"NEON.PLA.D12.YELL.00328","sms","Live",NA,NA,0.7,0.7,0.4,NA,"inverted cone",2.4,0.1,0.1,"vst_YELL_2019","4","33",15.6,306.8,"ARTR2"
"YELL","YELL_003",NA,"NEON.PLA.D12.YELL.00323","sms","Live",NA,NA,0.5,0.4,0.2,NA,"half-sphere",3.2,NA,NA,"vst_YELL_2019","1","33",22.1,273.6,"ARTR2"
"YELL","YELL_003",NA,"NEON.PLA.D12.YELL.00334","sms","Live",NA,NA,0.9,1,0.7,NA,"ellipsoid or sphere",4.4,NA,NA,"vst_YELL_2019","3","31",18.3,4.7,"ARTR2"
"YELL","YELL_016",NA,"NEON.PLA.D12.YELL.00068","sms","Live",NA,NA,0.8,1.4,1.2,NA,"half-sphere",3.5,NA,NA,"vst_YELL_2019","4","31",12.6,47.2,"ARTR2"
"YELL","YELL_016",NA,"NEON.PLA.D12.YELL.00065","sms","Live",NA,NA,0.4,0.8,0.4,NA,"half-sphere",1.3,NA,NA,"vst_YELL_2019","4","31",11.8,46.8,"ARTR2"
"YELL","YELL_016",NA,"NEON.PLA.D12.YELL.00059","sms","Standing dead",NA,NA,0.4,0.9,0.6,NA,"ellipsoid or sphere",2.3,NA,NA,"vst_YELL_2019","4","31",7.6,47.8,"ARTR2"
"YELL","YELL_016",NA,"NEON.PLA.D12.YELL.00066","sms","Live",NA,NA,0.5,0.6,0.6,NA,"half-sphere",1.1,NA,NA,"vst_YELL_2019","4","31",12.6,43.4,"ARTR2"
"YELL","YELL_016",NA,"NEON.PLA.D12.YELL.00067","sms","Standing dead",NA,NA,0.6,1.1,0.9,NA,"half-sphere",1.8,NA,NA,"vst_YELL_2019","4","31",13.1,44.5,"ARTR2"
"YELL","YELL_016",NA,"NEON.PLA.D12.YELL.00047","sms","Standing dead",NA,NA,0.3,0.7,0.5,NA,"ellipsoid or sphere",1.3,NA,NA,"vst_YELL_2019","4","51",3.7,221.1,"ARTR2"
"YELL","YELL_016",NA,"NEON.PLA.D12.YELL.00062","sms","Standing dead",NA,NA,0.6,1.4,1,NA,"half-sphere",2,NA,NA,"vst_YELL_2019","4","31",10.4,55.3,"ARTR2"
"YELL","YELL_016",NA,"NEON.PLA.D12.YELL.00073","sms","Live",NA,NA,0.5,1.1,0.8,NA,"oblate half-sphere",2.6,NA,NA,"vst_YELL_2019","4","33",8,329,"ARTR2"
"YELL","YELL_016",NA,"NEON.PLA.D12.YELL.00063","sms","Live",NA,NA,0.5,1.2,0.9,NA,"oblate half-sphere",2.6,NA,NA,"vst_YELL_2019","4","31",9.7,38.2,"ARTR2"
"YELL","YELL_003",NA,"NEON.PLA.D12.YELL.00326","sms","Live",NA,NA,0.6,0.7,0.4,NA,"half-sphere",2.3,NA,NA,"vst_YELL_2019","4","33",10.1,353.6,"ARTR2"
"YELL","YELL_016",NA,"NEON.PLA.D12.YELL.00040","sms","Live",NA,NA,0.3,0.7,0.6,NA,"half-sphere",2.3,NA,NA,"vst_YELL_2019","4","51",4.2,262.2,"ARTR2"
"YELL","YELL_003",NA,"NEON.PLA.D12.YELL.00331","sms","Live",NA,NA,0.8,0.9,0.6,NA,"ellipsoid or sphere",7.6,NA,NA,"vst_YELL_2019","3","31",18,8.7,"ARTR2"
"YELL","YELL_003",NA,"NEON.PLA.D12.YELL.00336","sms","Live",NA,NA,1,0.8,0.8,NA,"ellipsoid or sphere",1.2,NA,NA,"vst_YELL_2019","4","33",19.7,355.1,"ARTR2"
"YELL","YELL_016",NA,"NEON.PLA.D12.YELL.00071","sms","Standing dead",NA,NA,0.9,1.7,1.4,NA,"oblate half-sphere",1.8,NA,NA,"vst_YELL_2019","4","33",6.3,320.6,"ARTR2"
"YELL","YELL_016",NA,"NEON.PLA.D12.YELL.00067","sms","Live",NA,NA,0.6,1.1,0.9,NA,"half-sphere",5.4,NA,NA,"vst_YELL_2019","4","31",13.1,44.5,"ARTR2"
"YELL","YELL_016",NA,"NEON.PLA.D12.YELL.00063","sms","Live",NA,NA,0.5,1.2,0.9,NA,"oblate half-sphere",3,NA,NA,"vst_YELL_2019","4","31",9.7,38.2,"ARTR2"
"YELL","YELL_016",NA,"NEON.PLA.D12.YELL.00070","sms","Standing dead",NA,NA,0.2,0.1,0.1,NA,"half-sphere",1,NA,NA,"vst_YELL_2019","2","33",5.5,314.8,"ARTR2"
"YELL","YELL_016",NA,"NEON.PLA.D12.YELL.00068","sms","Live",NA,NA,0.8,1.4,1.2,NA,"half-sphere",3.9,NA,NA,"vst_YELL_2019","4","31",12.6,47.2,"ARTR2"
"YELL","YELL_003",NA,"NEON.PLA.D12.YELL.00316","sms","Standing dead",NA,NA,0.4,0.7,0.4,NA,"ellipsoid or sphere",2.3,NA,NA,"vst_YELL_2019","1","33",20.4,274.4,"ARTR2"
"YELL","YELL_003",NA,"NEON.PLA.D12.YELL.00316","sms","Standing dead",NA,NA,0.4,0.7,0.4,NA,"ellipsoid or sphere",1.5,NA,NA,"vst_YELL_2019","1","33",20.4,274.4,"ARTR2"
"YELL","YELL_016",NA,"NEON.PLA.D12.YELL.00039","sms","Live",NA,NA,0.3,0.4,0.3,NA,"half-sphere",1.9,NA,NA,"vst_YELL_2019","4","51",3.6,264.4,"ARTR2"
"YELL","YELL_016",NA,"NEON.PLA.D12.YELL.00071","sms","Live",NA,NA,0.9,1.7,1.4,NA,"oblate half-sphere",3.5,NA,NA,"vst_YELL_2019","4","33",6.3,320.6,"ARTR2"
"YELL","YELL_016",NA,"NEON.PLA.D12.YELL.00046","sms","Live",NA,NA,0.4,1,0.8,NA,"oblate half-sphere",1.6,NA,NA,"vst_YELL_2019","4","51",4.1,241.5,"ARTR2"
"YELL","YELL_003",NA,"NEON.PLA.D12.YELL.00321","sms","Live",NA,NA,0.4,0.4,0.2,NA,"ellipsoid or sphere",2.2,NA,NA,"vst_YELL_2019","1","33",21.7,276,"ARTR2"
"YELL","YELL_016",NA,"NEON.PLA.D12.YELL.00036","sms","Live",NA,NA,0.2,0.5,0.4,NA,"half-sphere",1.3,NA,NA,"vst_YELL_2019","4","51",3.2,266.7,"ARTR2"
"YELL","YELL_016",NA,"NEON.PLA.D12.YELL.00045","sms","Live",NA,NA,0.3,0.5,0.3,NA,"ellipsoid or sphere",1.5,NA,NA,"vst_YELL_2019","4","51",3.6,242.6,"ARTR2"
"YELL","YELL_016",NA,"NEON.PLA.D12.YELL.00046","sms","Live",NA,NA,0.4,1,0.8,NA,"oblate half-sphere",1.9,NA,NA,"vst_YELL_2019","4","51",4.1,241.5,"ARTR2"
"YELL","YELL_016",NA,"NEON.PLA.D12.YELL.00040","sms","Live",NA,NA,0.3,0.7,0.6,NA,"half-sphere",1.4,NA,NA,"vst_YELL_2019","4","51",4.2,262.2,"ARTR2"
"YELL","YELL_003",NA,"NEON.PLA.D12.YELL.00325","sms","Live",NA,NA,0.8,0.8,0.6,NA,"ellipsoid or sphere",4.1,NA,NA,"vst_YELL_2019","4","33",10.1,349.6,"ARTR2"
"YELL","YELL_003",NA,"NEON.PLA.D12.YELL.00335","sms","Live",NA,NA,0.7,0.7,0.4,NA,"half-sphere",2.4,NA,NA,"vst_YELL_2019","1","33",14.6,318.7,"ARTR2"
"YELL","YELL_016",NA,"NEON.PLA.D12.YELL.00062","sms","Standing dead",NA,NA,0.6,1.4,1,NA,"half-sphere",2.1,NA,NA,"vst_YELL_2019","4","31",10.4,55.3,"ARTR2"
"YELL","YELL_016",NA,"NEON.PLA.D12.YELL.00062","sms","Live",NA,NA,0.6,1.4,1,NA,"half-sphere",3.1,NA,NA,"vst_YELL_2019","4","31",10.4,55.3,"ARTR2"
"YELL","YELL_016",NA,"NEON.PLA.D12.YELL.00039","sms","Live",NA,NA,0.3,0.4,0.3,NA,"half-sphere",1,NA,NA,"vst_YELL_2019","4","51",3.6,264.4,"ARTR2"
"YELL","YELL_016",NA,"NEON.PLA.D12.YELL.00066","sms","Live",NA,NA,0.5,0.6,0.6,NA,"half-sphere",1.2,NA,NA,"vst_YELL_2019","4","31",12.6,43.4,"ARTR2"
"YELL","YELL_016",NA,"NEON.PLA.D12.YELL.00041","sms","Live",NA,NA,0.4,0.8,0.8,NA,"half-sphere",1.8,NA,NA,"vst_YELL_2019","4","51",4.5,251.1,"ARTR2"
"YELL","YELL_016",NA,"NEON.PLA.D12.YELL.00039","sms","Live",NA,NA,0.3,0.4,0.3,NA,"half-sphere",1.4,NA,NA,"vst_YELL_2019","4","51",3.6,264.4,"ARTR2"
"YELL","YELL_016",NA,"NEON.PLA.D12.YELL.00050","sms","Standing dead",NA,NA,0.3,0.9,0.7,NA,"half-sphere",1.6,NA,NA,"vst_YELL_2019","1","51",11.9,227,"ARTR2"
"YELL","YELL_003",NA,"NEON.PLA.D12.YELL.00330","sms","Live",NA,NA,0.6,0.7,0.6,NA,"half-sphere",2.5,NA,NA,"vst_YELL_2019","1","31",11,11,"ARTR2"
"YELL","YELL_016",NA,"NEON.PLA.D12.YELL.00040","sms","Live",NA,NA,0.3,0.7,0.6,NA,"half-sphere",1.5,NA,NA,"vst_YELL_2019","4","51",4.2,262.2,"ARTR2"
"YELL","YELL_016",NA,"NEON.PLA.D12.YELL.00074","sms","Live",NA,NA,0.6,1,0.7,NA,"half-sphere",5.7,NA,NA,"vst_YELL_2019","4","33",6.5,342.8,"ARTR2"
"YELL","YELL_016",NA,"NEON.PLA.D12.YELL.00042","sms","Live",NA,NA,0.3,0.5,0.5,NA,"half-sphere",1.1,NA,NA,"vst_YELL_2019","4","51",3.7,256.5,"ARTR2"
"YELL","YELL_016",NA,"NEON.PLA.D12.YELL.00044","sms","Live",NA,NA,0.3,0.7,0.5,NA,"ellipsoid or sphere",2.6,NA,NA,"vst_YELL_2019","4","51",3.4,250,"ARTR2"
"YELL","YELL_016",NA,"NEON.PLA.D12.YELL.00051","sms","Live",NA,NA,0.6,1.2,1,NA,"oblate half-sphere",1.5,NA,NA,"vst_YELL_2019","1","49",10.9,157.9,"ARTR2"
"YELL","YELL_003",NA,"NEON.PLA.D12.YELL.00330","sms","Live",NA,NA,0.6,0.7,0.6,NA,"half-sphere",1.7,NA,NA,"vst_YELL_2019","1","31",11,11,"ARTR2"
"YELL","YELL_003",NA,"NEON.PLA.D12.YELL.00322","sms","Standing dead",NA,NA,0.1,0.3,0.2,NA,"ellipsoid or sphere",2.3,NA,NA,"vst_YELL_2019","1","33",22,274.8,"ARTR2"
