"X_record_id","load_status","date","yearboutbegan","individualid","vstid","taxonid","domainid","siteid","plotid","subplotid","nestedsubplotid","pointid","stemazimuth","stemdistance","recordtype","cfconlytag"
"002ca737-2509-4d0c-b519-a610cce7d251","LOADED","2019-09-30",2019,"NEON.PLA.D12.YELL.01862","VST.YELL.01862.2019","POTR5","D12","YELL","YELL_043",41,4,NA,NA,NA,"tag only","N"
"003cc657-426f-45a4-9e32-6774c63f915b","LOADED","2016-08-17",2016,"NEON.PLA.D19.HEAL.01605","VST.HEAL.01605.2016","BEGL/BENA","D19","HEAL","HEAL_022",31,1,NA,NA,NA,"tag only","N"
"01ba3f76-931a-4cbd-8341-b5e1f650df93","LOADED","2016-08-08",2016,"NEON.PLA.D19.HEAL.02520","VST.HEAL.02520.2016","SAGL","D19","HEAL","HEAL_014",32,4,NA,NA,NA,"tag only","N"
"03d422a7-586c-4660-8d19-5e071946103b","LOADED",NA,2015,"NEON.PLA.D03.OSBS.02187","VST.OSBS.02187.2015","QULA2","D03","OSBS","OSBS_029",39,NA,39,89,14.9,"map and tag","N"
"0549914a-f5d4-4d06-9d24-60688c221b0f","LOADED","2015-08-25",2015,"NEON.PLA.D05.STEI.02107","VST.STEI.02107.2015","2PLANT","D05","STEI","STEI_001",32,4,NA,NA,NA,"tag only","N"
"06d084a1-693f-4b35-abc7-347c51333472","LOADED","2015-07-23",2015,"NEON.PLA.D05.UNDE.02208","VST.UNDE.02208.2015","POTR5","D05","UNDE","UNDE_043",23,1,NA,NA,NA,"tag only","N"
"06d67ed6-8a79-4aa5-bbd7-a6158211d32c","LOADED",NA,2015,"NEON.PLA.D03.JERC.04190","VST.JERC.04190.2015","QUMA6","D03","JERC","JERC_049",21,NA,NA,NA,NA,"tag only","N"
"08cf4cc1-1ae3-4cc7-acde-3d3ed3ddb50d","LOADED","2016-08-24",2016,"NEON.PLA.D19.DEJU.02031","VST.DEJU.02031.2016","PIMA","D19","DEJU","DEJU_052",23,2,43,222.1,3.1,"map and tag","N"
"092905f1-0de5-4aa1-a385-725c4c07ce94","LOADED","2016-08-22",2016,"NEON.PLA.D19.DEJU.02495","VST.DEJU.02495.2016","PIMA","D19","DEJU","DEJU_053",21,NA,41,1,5.8,"map and tag","N"
"0af33d99-6456-420d-beb0-3321816e6931","LOADED","2015-09-14",2015,"NEON.PLA.D17.TEAK.01376","VST.TEAK.01376.2015","ABMA","D17","TEAK","TEAK_062",21,NA,21,3,13.4,"map and tag",NA
"0b313874-2ef5-43eb-9035-d1ffc54f0d20","LOADED","2019-09-11",2019,"NEON.PLA.D12.YELL.00933","VST.YELL.00933.2019","PSME","D12","YELL","YELL_055",32,NA,39,77.7,11.4,"map and tag","N"
"0d5203b1-d76c-48da-944d-15c2e56ddd0a","LOADED",NA,2015,"NEON.PLA.D03.OSBS.02280","VST.OSBS.02280.2015","QULA2","D03","OSBS","OSBS_027",41,NA,NA,NA,NA,"tag only","N"
"0df5e62f-5aac-40ba-80ed-0d48d9dc6516","LOADED","2015-09-22",2015,"NEON.PLA.D17.TEAK.01765","VST.TEAK.01765.2015","ABMA","D17","TEAK","TEAK_057",23,NA,25,353.4,7.4,"map and tag",NA
"12827cae-579c-4bc6-ac25-df367016a166","LOADED","2016-09-13",2016,"NEON.PLA.D05.UNDE.05499","VST.UNDE.05499.2016","COCO6","D05","UNDE","UNDE_037",41,NA,NA,NA,NA,"tag only","N"
"130e707e-7e55-4a57-a0e8-35b07e412faa","LOADED",NA,2015,"NEON.PLA.D03.OSBS.02288","VST.OSBS.02288.2015","QULA2","D03","OSBS","OSBS_027",41,NA,NA,NA,NA,"tag only","N"
"13d98707-7aab-41d9-8fc2-7dd460fc062d","LOADED","2015-08-13",2015,"NEON.PLA.D17.TEAK.00406","VST.TEAK.00406.2015","ABCOL","D17","TEAK","TEAK_045",23,NA,25,346.2,16.5,"map and tag",NA
"14c92b1f-064d-4075-9b5b-eb18ac084783","LOADED","2015-08-25",2015,"NEON.PLA.D05.STEI.01791","VST.STEI.01791.2015","OSVI","D05","STEI","STEI_001",41,4,NA,NA,NA,"tag only","N"
"1600e7ba-7561-482a-98cb-44dcf39cb527","LOADED","2019-07-30",2019,"NEON.PLA.D05.UNDE.09092","VST.UNDE.09092.2019","ABBA","D05","UNDE","UNDE_043",39,1,NA,NA,NA,"tag only","N"
"164349b6-3b73-4583-b74e-3767012ecbdf","LOADED","2015-09-08",2015,"NEON.PLA.D17.TEAK.01199","VST.TEAK.01199.2015","PICO","D17","TEAK","TEAK_060",23,NA,23,57.1,3.4,"map and tag",NA
"16a75c49-1c89-4c9a-b0d7-1ae0dfa9ac39","LOADED","2019-10-03",2019,"NEON.PLA.D05.STEI.00131","VST.STEI.00131.2019","FRAM2/FRPE","D05","STEI","STEI_053",23,4,NA,NA,NA,"tag only","N"
"172803b5-dd8b-4e86-a61d-526037f37012","LOADED","2019-09-16",2019,"NEON.PLA.D12.YELL.01182","VST.YELL.01182.2019","PSME","D12","YELL","YELL_048",23,NA,41,100.5,7.5,"map and tag","N"
"17396462-f634-4451-8fe6-5f60ed3b8017","LOADED","2015-09-23",2015,"NEON.PLA.D17.TEAK.01884","VST.TEAK.01884.2015","ABCOL","D17","TEAK","TEAK_047",21,NA,21,19.9,12.9,"map and tag",NA
"1a82efe0-64b8-434b-bf23-a5e3aa744de7","LOADED","2015-09-10",2015,"NEON.PLA.D17.TEAK.01211","VST.TEAK.01211.2015","PIJE","D17","TEAK","TEAK_055",23,NA,23,46.5,2,"map and tag",NA
"1b2c7fa5-e219-4cc8-b479-8e240f0b7e38","LOADED","2019-09-18",2019,"NEON.PLA.D12.YELL.01538","VST.YELL.01538.2019","PSME","D12","YELL","YELL_045",21,NA,41,267.3,12,"map and tag","N"
"1c1a7265-a9db-4713-bb6a-9f9c3d4ef836","LOADED","2015-07-23",2015,"NEON.PLA.D05.UNDE.02324","VST.UNDE.02324.2015","ACRU","D05","UNDE","UNDE_043",23,NA,25,335.5,0.9,"map and tag","N"
"1f9a5c03-d3df-4999-918e-4f1270871a85","LOADED","2019-09-16",2019,"NEON.PLA.D12.YELL.01036","VST.YELL.01036.2019","PSME","D12","YELL","YELL_048",23,NA,39,95.7,2.9,"map and tag","N"
"23e9f24b-31e2-41d7-a130-c4771854553e","LOADED","2019-09-19",2019,"NEON.PLA.D12.YELL.02752","VST.YELL.02752.2019","PSME","D12","YELL","YELL_046",41,4,NA,NA,NA,"tag only","N"
"2540e4c1-75c4-4672-9679-0dd09db23a96","LOADED",NA,2015,"NEON.PLA.D03.JERC.04234","VST.JERC.04234.2015","QUIN","D03","JERC","JERC_049",21,NA,NA,NA,NA,"tag only","N"
"28e21cb1-51fe-4b1f-8e75-96d01cbdb6ba","LOADED","2015-06-17",2015,"NEON.PLA.D19.DEJU.00485","VST.DEJU.00485.2015","ALVI5","D19","DEJU","DEJU_052",21,4,NA,NA,NA,"tag only",NA
"28e22cf7-92c2-4d14-b9c7-2cc19d59fc05","LOADED","2015-09-25",2015,"NEON.PLA.D08.DELA.03584","VST.DELA.03584.2015","CATO6","D08","DELA","DELA_056",39,NA,NA,NA,NA,"tag only",NA
"29a25a4d-74f9-44f9-9645-b4917e692c0b","LOADED","2015-09-28",2015,"NEON.PLA.D17.TEAK.01992","VST.TEAK.01992.2015","ABCOL","D17","TEAK","TEAK_046",39,NA,59,213.8,9,"map and tag",NA
"2a3b38f8-5a9b-4ba7-b7be-d0bfd54918ff","LOADED","2019-09-19",2019,"NEON.PLA.D12.YELL.02757","VST.YELL.02757.2019","PSME","D12","YELL","YELL_046",39,NA,39,43.3,17.2,"map and tag","N"
"2e42a472-7adc-485f-9758-452bf58cb600","LOADED","2015-08-18",2015,"NEON.PLA.D05.STEI.01697","VST.STEI.01697.2015","POTR5","D05","STEI","STEI_053",39,1,NA,NA,NA,"tag only",NA
"2ffc861b-c009-4548-81c7-e845ad76f3bb","LOADED","2015-09-28",2015,"NEON.PLA.D17.TEAK.02004","VST.TEAK.02004.2015","ABCOL","D17","TEAK","TEAK_046",39,NA,39,59.3,16.9,"map and tag",NA
"3019424a-cda4-49ab-8cf9-4b5747dba70a","LOADED","2015-08-18",2015,"NEON.PLA.D05.STEI.01789","VST.STEI.01789.2015","POTR5","D05","STEI","STEI_047",23,4,NA,NA,NA,"tag only",NA
"30443421-b007-4ae3-a8f1-c8dfbb9f75f3","LOADED",NA,2015,"NEON.PLA.D03.OSBS.01004","VST.OSBS.01004.2015","QULA2","D03","OSBS","OSBS_008",31,NA,41,268.1,9.2,"map and tag","N"
"30df9595-bfa3-4521-98f3-8bc874d5bb11","LOADED","2015-08-27",2015,"NEON.PLA.D17.TEAK.00684","VST.TEAK.00684.2015","PICO","D17","TEAK","TEAK_061",21,NA,39,112.4,9.7,"map and tag",NA
"316925cb-f26d-457a-a1dd-58f2e3702d3c","LOADED","2015-08-24",2015,"NEON.PLA.D05.STEI.01624","VST.STEI.01624.2015","OSVI","D05","STEI","STEI_002",31,4,NA,NA,NA,"tag only","N"
"330eae89-c39b-4c67-a34b-5046532774f1","LOADED","2016-09-13",2016,"NEON.PLA.D05.UNDE.01816","VST.UNDE.01816.2016","ACRU","D05","UNDE","UNDE_037",39,NA,NA,NA,NA,"tag only","N"
"334afbdc-b59a-4af1-93d3-2ce42741eff1","LOADED","2019-05-02",2019,"NEON.PLA.D01.HARV.11633","VST.HARV.11633.2019","BEAL2","D01","HARV","HARV_016",41,4,NA,NA,NA,"tag only","N"
"34f85dbc-d43d-431f-a3b8-75da7a16e5ed","LOADED",NA,2015,"NEON.PLA.D03.OSBS.02287","VST.OSBS.02287.2015","QULA2","D03","OSBS","OSBS_027",41,NA,NA,NA,NA,"tag only","N"
"37e0ec2d-a802-42f9-81f9-3f91eb280f04","LOADED","2015-09-16",2015,"NEON.PLA.D17.TEAK.01432","VST.TEAK.01432.2015","ABMA","D17","TEAK","TEAK_044",39,NA,49,184.8,0.6,"map and tag",NA
"3a58d3e5-0f34-478a-b982-d286d5b37d0e","LOADED","2015-07-23",2015,"NEON.PLA.D05.UNDE.09647","VST.UNDE.09647.2015","COCO6","D05","UNDE","UNDE_043",23,1,NA,NA,NA,"tag only","N"
"3ab33f68-1f99-4468-bc7e-8a0bb0cf3441","LOADED",NA,2015,"NEON.PLA.D03.OSBS.02286","VST.OSBS.02286.2015","QULA2","D03","OSBS","OSBS_027",41,NA,NA,NA,NA,"tag only","N"
"3c752085-a309-4143-bf56-6211d89d0b97","LOADED",NA,2015,"NEON.PLA.D03.OSBS.02078","VST.OSBS.02078.2015","PIPA2","D03","OSBS","OSBS_029",39,NA,39,68,18,"map and tag","N"
"3da8be89-7b18-44f0-a3cf-75ce7dbb9a16","LOADED","2020-10-20",2025,"NEON.PLA.D19.BONA.00707","VST.BONA.00707.2025","BENE4","D19","BONA","BONA_078",39,NA,39,58.6,8.8,"map and tag","N"
"3eb4b985-194a-4f9c-8f53-c20adb65af33","LOADED","2015-10-20",2015,"NEON.PLA.D17.TEAK.03169","VST.TEAK.03169.2015","ABMA","D17","TEAK","TEAK_050",21,NA,21,24.7,21.2,"map and tag",NA
"3f5b509b-a450-4df7-8056-8a40a82d1078","LOADED","2016-08-10",2016,"NEON.PLA.D19.HEAL.02578","VST.HEAL.02578.2016","ALVI5","D19","HEAL","HEAL_004",40,1,NA,NA,NA,"tag only","N"
"3f7bd3c5-8dc5-4d12-a5f6-a6f542f1da2e","LOADED","2015-09-30",2015,"NEON.PLA.D17.TEAK.02218","VST.TEAK.02218.2015","PICO","D17","TEAK","TEAK_043",21,NA,23,323.3,5.8,"map and tag",NA
"3feee3e0-5213-4de9-976d-154ceb0e161d","LOADED",NA,2015,"NEON.PLA.D03.OSBS.07068","VST.OSBS.07068.2015","VIRO3","D03","OSBS","OSBS_009",31,NA,NA,NA,NA,"tag only","N"
"4102c57a-1c07-4f0f-8599-46989fb406d0","LOADED","2014-08-13",2014,"NEON.PLA.D01.BART.01523","VST.BART.01523.2014","TSCA","D01","BART","BART_001",31,NA,61,206.864506121,23.8514419387,"map and tag",NA
"4115861d-62f2-4e8c-a82e-f8162310699d","LOADED",NA,2015,"NEON.PLA.D03.OSBS.00567","VST.OSBS.00567.2015","QULA2","D03","OSBS","OSBS_043",39,NA,NA,NA,NA,"tag only","N"
"41ec95f5-b702-4a48-bff9-5b58418f7b76","LOADED","2015-07-23",2015,"NEON.PLA.D05.UNDE.02049","VST.UNDE.02049.2015","COCO6","D05","UNDE","UNDE_043",23,1,NA,NA,NA,"tag only","N"
"425f4dd1-3190-4510-93b3-a8aec1d716a9","LOADED","2019-09-19",2019,"NEON.PLA.D12.YELL.02769","VST.YELL.02769.2019","PSME","D12","YELL","YELL_046",39,NA,39,6.3,16.2,"map and tag","N"
"4477b55e-e4ae-4404-9411-e53f0b8d1fb0","LOADED",NA,2015,"NEON.PLA.D03.OSBS.00651","VST.OSBS.00651.2015","PIPA2","D03","OSBS","OSBS_042",41,NA,41,50.5,7.7,"map and tag","N"
"44b83537-48e4-4f1b-b829-13bf0b66a22c","LOADED","2019-04-30",2019,"NEON.PLA.D01.HARV.11650","VST.HARV.11650.2019","CACAV","D01","HARV","HARV_004",31,4,NA,NA,NA,"tag only","N"
"44eb3280-8083-4390-916e-57790577a306","LOADED","2015-07-28",2015,"NEON.PLA.D01.BART.03637","VST.BART.03637.2015","FAGR","D01","BART","BART_040",41,1,NA,NA,NA,"tag only",NA
"45532b86-6b0d-457c-bf0e-5be15045f709","LOADED",NA,2015,"NEON.PLA.D03.JERC.04184","VST.JERC.04184.2015","QUIN","D03","JERC","JERC_049",21,NA,NA,NA,NA,"tag only","N"
"460c2cd6-f0ec-46a8-8eb0-5dac61db1ffc","LOADED","2016-10-11",2016,"NEON.PLA.D05.STEI.00398","VST.STEI.00398.2016","FRPE","D05","STEI","STEI_004",32,2,NA,NA,NA,"tag only","N"
"46430ff0-3800-4561-a1c3-e69cdc086d84","LOADED","2014-08-13",2014,"NEON.PLA.D01.BART.01524","VST.BART.01524.2014","TSCA","D01","BART","BART_001",31,NA,61,202.760506286,23.6217532659,"map and tag",NA
"4a7e8a6b-4577-4c23-8028-1cc42defb8d2","LOADED",NA,2015,"NEON.PLA.D03.JERC.02395","VST.JERC.02395.2015","SMRO","D03","JERC","JERC_054",39,NA,NA,NA,NA,"tag only","N"
"4ab9f881-b60f-43d7-9c56-59d993e0514f","LOADED","2019-09-10",2019,"NEON.PLA.D12.YELL.01438","VST.YELL.01438.2019","ARTR2","D12","YELL","YELL_044",23,4,NA,NA,NA,"tag only","N"
"4bcca21b-7eb0-446a-80b7-658ba369233d","LOADED","2015-09-30",2015,"NEON.PLA.D17.TEAK.02175","VST.TEAK.02175.2015","ABMA","D17","TEAK","TEAK_058",21,NA,41,255.3,1.9,"map and tag",NA
"4efbc9e9-5e77-42ec-b54f-7646807c9114","LOADED",NA,2015,"NEON.PLA.D03.JERC.04187","VST.JERC.04187.2015","QUMA6","D03","JERC","JERC_049",21,NA,NA,NA,NA,"tag only","N"
"5007f039-b239-45f8-96be-fc6cfc40f57e","LOADED",NA,2015,"NEON.PLA.D03.OSBS.00272","VST.OSBS.00272.2015","PIPA2","D03","OSBS","OSBS_042",41,NA,NA,NA,NA,"tag only","N"
"50a32c74-0841-4c1a-b966-6b4685ae6936","LOADED","2015-08-12",2015,"NEON.PLA.D05.STEI.01086","VST.STEI.01086.2015","ACRU","D05","STEI","STEI_046",23,NA,43,202.3,6.5,"map and tag",NA
"50ce516b-212d-43fa-9956-3c61507c743c","LOADED","2015-06-17",2015,"NEON.PLA.D19.DEJU.00282","VST.DEJU.00282.2015","BETUL","D19","DEJU","DEJU_052",23,2,NA,NA,NA,"tag only",NA
"5102c131-b1f1-4eef-9601-2f8b66243550","LOADED","2015-08-19",2015,"NEON.PLA.D17.TEAK.00386","VST.TEAK.00386.2015","PIJE","D17","TEAK","TEAK_054",41,NA,61,193.8,16.1,"map and tag",NA
"5320f809-87df-49a1-a857-8189f2a0c168","LOADED","2015-06-17",2015,"NEON.PLA.D19.DEJU.00492","VST.DEJU.00492.2015","BETUL","D19","DEJU","DEJU_052",21,1,NA,NA,NA,"tag only",NA
"5351c974-6232-481c-baa1-b944e14a3792","LOADED","2018-08-13",2018,"NEON.PLA.D05.UNDE.00698","VST.UNDE.00698.2018","ABBA","D05","UNDE","UNDE_037",41,NA,59,119.7,10.9,"map and tag","N"
"543bb644-9776-48aa-84ad-1fb4928f1b3e","LOADED","2019-09-10",2019,"NEON.PLA.D12.YELL.01436","VST.YELL.01436.2019","ARTR2","D12","YELL","YELL_044",23,4,NA,NA,NA,"tag only","N"
"57923989-2859-4cab-b856-106c1bf42c43","LOADED","2015-08-17",2015,"NEON.PLA.D05.STEI.01549","VST.STEI.01549.2015","FRNI","D05","STEI","STEI_052",41,NA,41,41,26,"map and tag",NA
"58c81c84-e3e2-401d-a40d-c611e56aca86","LOADED","2014-11-11",2014,"NEON.PLA.D01.BART.03665","VST.BART.03665.2014","TSCA","D01","BART","BART_073",23,4,NA,NA,NA,"tag only","N"
"5baba451-d567-49f5-bb44-aa2df08011be","LOADED",NA,2015,"NEON.PLA.D03.OSBS.00832","VST.OSBS.00832.2015","QULA2","D03","OSBS","OSBS_042",21,NA,41,215.2,18.4,"map and tag","N"
"5c7e044a-b2cf-4a27-9308-55829ff75cb0","LOADED","2019-01-15",2019,"NEON.PLA.D20.PUUM.08332","VST.PUUM.08332.2019","MEPO5","D20","PUUM","PUUM_013",NA,NA,51,187.8,9.9,"map and tag","Y"
"5cc36893-078b-4a17-aca0-7e646f644fba","LOADED","2015-07-23",2015,"NEON.PLA.D05.UNDE.09200","VST.UNDE.09200.2015","FRNI","D05","UNDE","UNDE_043",23,1,NA,NA,NA,"tag only","N"
"5d27fba9-bdfd-4de3-944c-7d78f977a732","LOADED","2016-09-28",2016,"NEON.PLA.D05.UNDE.02324A","VST.UNDE.02324A.2016","ACRU","D05","UNDE","UNDE_043",23,NA,NA,NA,NA,"tag only","N"
"5da4a749-23ce-41c3-ab70-0190bde27b9d","LOADED","2016-06-13",2016,"NEON.PLA.D19.BONA.00075","VST.BONA.00075.2016","BENE4","D19","BONA","BONA_072",23,NA,25,302.8,10,"map and tag","N"
"5e1092b2-2ad1-4f87-b0f2-2392735e3bac","LOADED","2017-05-24",2016,"NEON.PLA.D19.DEJU.00220","VST.DEJU.00220.2016","PIMA","D19","DEJU","DEJU_047",21,NA,NA,NA,NA,"tag only","N"
"5ee2a4f0-f80c-493b-b429-58fcb14c1797","LOADED",NA,2015,"NEON.PLA.D03.OSBS.02783","VST.OSBS.02783.2015","PIPA2","D03","OSBS","OSBS_027",39,NA,NA,NA,NA,"tag only","N"
"5f7ff55d-04ce-4271-b621-d1e99b7852ce","LOADED","2019-10-03",2019,"NEON.PLA.D05.STEI.00941","VST.STEI.00941.2019","FRAM2/FRPE","D05","STEI","STEI_053",23,4,NA,NA,NA,"tag only","N"
"5fa35cf4-e67d-4839-92b8-0c745e89f71f","LOADED","2015-06-17",2015,"NEON.PLA.D19.DEJU.00344","VST.DEJU.00344.2015","PIMA","D19","DEJU","DEJU_047",23,NA,39,152.3,6.1,"map and tag",NA
"61bcc92d-4567-4e85-bc7d-24f516b3d73c","LOADED","2015-07-21",2015,"NEON.PLA.D05.UNDE.04393","VST.UNDE.04393.2015","ABBA","D05","UNDE","UNDE_037",41,NA,NA,NA,NA,"map and tag","N"
"63297bc4-db3a-4af0-8d65-93d825c973ce","LOADED","2015-08-31",2015,"NEON.PLA.D17.TEAK.00428","VST.TEAK.00428.2015","ABMA","D17","TEAK","TEAK_059",21,NA,23,357.5,14,"map and tag",NA
"64985ba7-d0c8-4e5e-a233-56657ef2b411","LOADED",NA,2015,"NEON.PLA.D03.OSBS.02890","VST.OSBS.02890.2015","QULA2","D03","OSBS","OSBS_027",39,NA,NA,NA,NA,"tag only","N"
"653ab165-1914-4e99-877f-72381bfe9dab","LOADED","2020-06-25",2020,"NEON.PLA.D19.BONA.00704","VST.BONA.00704.2020","BENE4","D19","BONA","BONA_078",39,NA,39,66.6,4.4,"band","N"
"6652f884-bf0a-4163-b348-b80f00fc317d","LOADED","2015-06-15",2015,"NEON.PLA.D19.DEJU.00120","VST.DEJU.00120.2015","BETUL","D19","DEJU","DEJU_051",39,3,NA,NA,NA,"tag only",NA
"671d2ee5-353f-4070-b36c-c2bee5ec8209","LOADED","2016-10-11",2016,"NEON.PLA.D05.STEI.01749A","VST.STEI.01749A.2016","ACRU","D05","STEI","STEI_001",32,NA,NA,NA,NA,"tag only","N"
"6a7abc90-0bf4-42a1-b2e7-dc07d2ef1d9b","LOADED",NA,2015,"NEON.PLA.D03.OSBS.02254","VST.OSBS.02254.2015","QULA2","D03","OSBS","OSBS_027",39,NA,NA,NA,NA,"tag only","N"
"6a8a5151-1cce-4005-a4d5-080423d9662b","LOADED","2019-09-19",2019,"NEON.PLA.D12.YELL.02758","VST.YELL.02758.2019","PSME","D12","YELL","YELL_046",39,NA,41,345,17.5,"map and tag","N"
"6a8ab51f-0568-431c-a722-ad3853212131","LOADED","2015-07-29",2015,"NEON.PLA.D16.ABBY.00745","VST.ABBY.00745.2015","PSMEM","D16","ABBY","ABBY_070",21,1,NA,NA,NA,"tag only","N"
"6c3129ad-2298-4805-afe2-504089c2d724","LOADED",NA,2015,"NEON.PLA.D03.OSBS.00563","VST.OSBS.00563.2015","QULA2","D03","OSBS","OSBS_043",39,NA,NA,NA,NA,"tag only","N"
"6d26622c-cf81-47e6-bb22-346eaf47aa26","LOADED","2015-06-18",2015,"NEON.PLA.D19.DEJU.00688","VST.DEJU.00688.2015","PIMA","D19","DEJU","DEJU_045",39,1,NA,NA,NA,"tag only",NA
"6f04837b-44cd-44e3-ae68-5b845dc8825a","LOADED","2015-08-19",2015,"NEON.PLA.D13.NIWO.01108","VST.NIWO.01108.2015","ABLAL","D13","NIWO","NIWO_002",31,NA,NA,NA,NA,"tag only",NA
"6f6a796e-c0e5-4d63-9926-b75375ff7416","LOADED","2015-07-23",2015,"NEON.PLA.D05.UNDE.02075","VST.UNDE.02075.2015","POTR5","D05","UNDE","UNDE_043",23,1,NA,NA,NA,"tag only","N"
"707d990e-cd08-4fe1-922e-08de39859c8e","LOADED","2016-09-13",2016,"NEON.PLA.D05.UNDE.04194A","VST.UNDE.04194A.2016","ACRU","D05","UNDE","UNDE_037",41,NA,NA,NA,NA,"tag only","N"
"715241cb-c513-41de-aea3-ab60c448960e","LOADED","2019-10-22",2019,"NEON.PLA.D05.STEI.01517","VST.STEI.01517.2019","POTR5","D05","STEI","STEI_058",41,NA,61,211.1,11,"map and tag","N"
"722253a5-a186-4081-9ba4-636a9c3947b5","LOADED",NA,2015,"NEON.PLA.D03.OSBS.02253","VST.OSBS.02253.2015","QULA2","D03","OSBS","OSBS_027",39,NA,NA,NA,NA,"tag only","N"
"72aaaf89-5e04-4aaa-8d7a-2fa196a71a86","LOADED","2019-09-11",2019,"NEON.PLA.D12.YELL.01391","VST.YELL.01391.2019","PSME","D12","YELL","YELL_052",40,NA,61,186.3,5.8,"map and tag","N"
"747b8cc7-d8ea-43fd-afc6-a83a42e70e5e","LOADED","2015-09-29",2015,"NEON.PLA.D17.TEAK.02133","VST.TEAK.02133.2015","ABCOL","D17","TEAK","TEAK_046",41,NA,43,331.1,5.7,"map and tag",NA
"7530fc38-801b-45f7-b6ee-5eddd285ab7c","LOADED","2015-08-31",2015,"NEON.PLA.D17.TEAK.00430","VST.TEAK.00430.2015","ABMA","D17","TEAK","TEAK_059",21,NA,23,289.6,5,"map and tag",NA
"76d0770c-de66-4bde-acdc-84e9c37c0fa8","LOADED",NA,2015,"NEON.PLA.D03.JERC.04177","VST.JERC.04177.2015","QUIN","D03","JERC","JERC_049",21,NA,NA,NA,NA,"tag only","N"
"7706936c-4fd2-4196-a5ab-ec0ccbaea106","LOADED","2019-10-01",2019,"NEON.PLA.D12.YELL.01975","VST.YELL.01975.2019","ARTR2","D12","YELL","YELL_050",23,1,NA,NA,NA,"tag only","N"
"7733f259-540c-4ed0-a323-c5196f3e0c18","LOADED",NA,2015,"NEON.PLA.D03.JERC.04182","VST.JERC.04182.2015","PIPA2","D03","JERC","JERC_049",21,NA,NA,NA,NA,"tag only","N"
"78273858-d6a4-42ea-8735-70f6622178a8","LOADED",NA,2015,"NEON.PLA.D03.JERC.04236","VST.JERC.04236.2015","QUIN","D03","JERC","JERC_049",21,NA,NA,NA,NA,"tag only","N"
"7897cd6e-3400-47ca-ad20-4f0d7030651c","LOADED",NA,2015,"NEON.PLA.D03.JERC.04181","VST.JERC.04181.2015","QUFA","D03","JERC","JERC_049",21,NA,NA,NA,NA,"tag only","N"
"793e4a86-93cb-44eb-b33f-6ecfff02e567","NONE","2021-08-05",2021,"NEON.PLA.D12.YELL.03053","VST.YELL.03053.2021","JUCO6","D12","YELL","YELL_045",21,4,NA,NA,NA,"tag only","N"
"7c9ea7e7-b651-4a59-a1dc-8cedf6d40bdb","LOADED","2019-01-15",2019,"NEON.PLA.D20.PUUM.08333","VST.PUUM.08333.2019","MEPO5","D20","PUUM","PUUM_013",NA,NA,33,320.4,11.4,"map and tag","Y"
"7ed59819-73ea-4ff2-bbf6-bd1f6d861749","LOADED","2015-07-23",2015,"NEON.PLA.D05.UNDE.02290","VST.UNDE.02290.2015","FRNI","D05","UNDE","UNDE_043",23,1,NA,NA,NA,"tag only","N"
"82df9b5c-8628-42bb-a683-e4e3cbcbdcb8","LOADED","2015-09-21",2015,"NEON.PLA.D17.TEAK.01742","VST.TEAK.01742.2015","PICO","D17","TEAK","TEAK_057",21,NA,39,153.5,11.8,"map and tag",NA
"83934448-97bb-47ab-8b74-a77f056c3a89","LOADED","2015-08-13",2015,"NEON.PLA.D17.TEAK.00408","VST.TEAK.00408.2015","ABCOL","D17","TEAK","TEAK_045",23,NA,25,344.4,13.8,"map and tag",NA
"84a0831b-b166-43da-a991-5faab637dde9","LOADED","2016-08-23",2016,"NEON.PLA.D19.DEJU.02419","VST.DEJU.02419.2016","PIMA","D19","DEJU","DEJU_045",39,1,NA,NA,NA,"tag only","N"
"84ad9112-4367-477b-8716-043a296a0d46","LOADED",NA,2015,"NEON.PLA.D03.JERC.04206","VST.JERC.04206.2015","QUMA6","D03","JERC","JERC_049",21,NA,NA,NA,NA,"tag only","N"
"84d41a0e-1275-44e0-80c3-717ea2bdea3a","LOADED","2015-08-13",2015,"NEON.PLA.D17.TEAK.00372","VST.TEAK.00372.2015","ABCOL","D17","TEAK","TEAK_045",39,NA,49,39.6,10,"map and tag",NA
"86875a69-7023-422c-b273-9a876db63d2b","LOADED","2015-09-24",2015,"NEON.PLA.D17.TEAK.01920","VST.TEAK.01920.2015","PICO","D17","TEAK","TEAK_051",NA,NA,NA,NA,NA,"map and tag",NA
"870a0739-b082-494b-8513-0a9414e3fd3d","LOADED","2020-08-24",2020,"NEON.PLA.D01.HARV.10867","VST.HARV.10867.2020","PIRE","D01","HARV","HARV_034",39,NA,57,173,0.5,"map and tag","N"
"892cde6e-ee47-4ed6-9c54-864e6aad1837","LOADED","2014-09-03",2014,"NEON.PLA.D01.BART.01120","VST.BART.01120.2014","ACSAS","D01","BART","BART_002",41,NA,NA,257,2.4,"tag only","N"
"89627567-9355-40f6-b3cc-607b2b80f58a","LOADED","2015-09-21",2015,"NEON.PLA.D17.TEAK.01723","VST.TEAK.01723.2015","ABMA","D17","TEAK","TEAK_057",21,NA,23,319.1,7.2,"map and tag",NA
"8b9f357d-8991-465f-8d3e-599d93f23f77","LOADED","2015-09-28",2015,"NEON.PLA.D17.TEAK.02008","VST.TEAK.02008.2015","PIJE","D17","TEAK","TEAK_046",39,NA,41,310.7,8,"map and tag",NA
"8db02412-89af-4f75-bf55-a38833c1e33b","LOADED","2015-08-13",2015,"NEON.PLA.D17.TEAK.00373","VST.TEAK.00373.2015","ABCOL","D17","TEAK","TEAK_045",39,NA,49,48.4,10.9,"map and tag",NA
"8db107e9-f3fc-4cb0-ab0f-2d4dbb70db05","LOADED","2019-09-11",2019,"NEON.PLA.D12.YELL.01390","VST.YELL.01390.2019","PSME","D12","YELL","YELL_052",41,NA,61,181.2,6.3,"map and tag","N"
"8e0ee4ce-fce2-4703-94f5-00a92385ff57","LOADED",NA,2015,"NEON.PLA.D03.OSBS.00846","VST.OSBS.00846.2015","VAAR","D03","OSBS","OSBS_042",21,NA,41,243,21.5,"map and tag","N"
"8e1ba1fd-5b89-4ca3-8028-6c3c64c3e230","LOADED",NA,2015,"NEON.PLA.D03.OSBS.02188","VST.OSBS.02188.2015","QULA2","D03","OSBS","OSBS_029",39,NA,39,73.6,14.2,"map and tag","N"
"8f0dcceb-7cc6-4197-b444-b5dbb4dcc61b","LOADED","2018-04-10",2018,"NEON.PLA.D20.PUUM.00195","VST.PUUM.00195.2018","MEPO5","D20","PUUM","PUUM_047",32,2,NA,NA,NA,"tag only","N"
"90273092-98f2-40c6-b90b-2d3724939c4d","LOADED",NA,2015,"NEON.PLA.D03.JERC.04191","VST.JERC.04191.2015","QUMA6","D03","JERC","JERC_049",21,NA,NA,NA,NA,"tag only","N"
"91a641ec-753c-4870-bbf0-06d4bd938030","LOADED","2019-07-31",2019,"NEON.PLA.D12.YELL.00710","VST.YELL.00710.2019","JUCO6","D12","YELL","YELL_022",31,1,NA,NA,NA,"tag only","N"
"91c36ccd-b35d-43f5-bc58-aec53a85bfca","LOADED",NA,2015,"NEON.PLA.D03.OSBS.02256","VST.OSBS.02256.2015","QULA2","D03","OSBS","OSBS_027",39,NA,NA,NA,NA,"tag only","N"
"92978092-07ea-4ac1-9297-5ac5dd2a819e","LOADED","2015-09-24",2015,"NEON.PLA.D17.TEAK.01917","VST.TEAK.01917.2015","PICO","D17","TEAK","TEAK_051",21,NA,23,282.9,4.8,"map and tag",NA
"955d935c-9c53-4718-b766-e0703f30dafb","LOADED",NA,2015,"NEON.PLA.D03.JERC.04185","VST.JERC.04185.2015","QUFA","D03","JERC","JERC_049",21,NA,NA,NA,NA,"tag only","N"
"955f54fe-fb48-4986-a4fa-a338fe7db142","LOADED","2015-06-17",2015,"NEON.PLA.D19.DEJU.00488","VST.DEJU.00488.2015","ALVI5","D19","DEJU","DEJU_052",21,4,NA,NA,NA,"tag only",NA
"972eee73-2fd8-45f7-97ee-0d044797198f","LOADED","2015-06-17",2015,"NEON.PLA.D19.DEJU.00489","VST.DEJU.00489.2015","BETUL","D19","DEJU","DEJU_052",21,4,NA,NA,NA,"tag only",NA
"9938fc5f-44c6-4104-9009-4daaa67e4e6b","LOADED","2015-07-21",2015,"NEON.PLA.D05.UNDE.00607","VST.UNDE.00607.2015","ACRU","D05","UNDE","UNDE_037",41,NA,41,72.1,10.1,"map and tag","N"
"9b182e19-333c-4520-bb19-bb0f1a623b60","LOADED","2015-09-10",2015,"NEON.PLA.D17.TEAK.01206","VST.TEAK.01206.2015","ABCOL","D17","TEAK","TEAK_055",23,NA,43,264.4,10,"map and tag",NA
"9be2ff99-bd42-4420-9afc-f39ebdc869be","LOADED","2019-07-15",2019,"NEON.PLA.D16.WREF.09999","VST.WREF.09999.2019","TSHE","D16","WREF","WREF_016",41,4,51,229.9,5.7,"map and tag","N"
"9e1b8496-8fc6-45c7-bbd3-f5d602d2d9eb","LOADED","2019-09-18",2019,"NEON.PLA.D12.YELL.02800","VST.YELL.02800.2019","SYAL","D12","YELL","YELL_045",21,1,NA,NA,NA,"tag only","N"
"a0643fa3-de60-4523-a23d-fdc881aee10a","LOADED","2015-08-18",2015,"NEON.PLA.D05.STEI.01585","VST.STEI.01585.2015","POTR5","D05","STEI","STEI_047",21,1,NA,NA,NA,"tag only","N"
"a1593557-6468-4bf7-aa8c-4117a751dbb1","LOADED",NA,2015,"NEON.PLA.D03.JERC.04238","VST.JERC.04238.2015","QUIN","D03","JERC","JERC_049",21,NA,NA,NA,NA,"tag only","N"
"a1b4b40a-0fbe-40c1-93b2-1f514a918453","LOADED","2015-08-13",2015,"NEON.PLA.D17.TEAK.00414","VST.TEAK.00414.2015","ABCOL","D17","TEAK","TEAK_045",23,NA,25,306,2.8,"map and tag",NA
"a1c596a7-924e-46b6-911c-f5c520e3f7ec","LOADED","2015-10-20",2015,"NEON.PLA.D17.TEAK.03168","VST.TEAK.03168.2015","ABMA","D17","TEAK","TEAK_050",21,NA,21,40.4,20.9,"map and tag",NA
"a29a038e-ddd7-4cde-95fd-0f6e81b0b4cc","LOADED","2015-07-23",2015,"NEON.PLA.D05.UNDE.02369","VST.UNDE.02369.2015","AMELA","D05","UNDE","UNDE_043",23,1,NA,NA,NA,"tag only","N"
"a30929ee-9b09-4d48-8411-045171ef9852","LOADED","2015-09-30",2015,"NEON.PLA.D17.TEAK.02186","VST.TEAK.02186.2015","ABCOL","D17","TEAK","TEAK_058",21,NA,21,61,1.4,"map and tag",NA
"a79e9058-07d3-4447-8bff-74905cb5a0e6","LOADED","2019-09-26",2019,"NEON.PLA.D05.STEI.03310","VST.STEI.03310.2019","ABBA","D05","STEI","STEI_046",23,NA,43,211.5,5,"map and tag","N"
"a8c2cbad-94ef-4f06-bb8b-93b27ebcdc0d","LOADED","2019-04-30",2019,"NEON.PLA.D01.HARV.11647","VST.HARV.11647.2019","PIST","D01","HARV","HARV_004",41,1,NA,NA,NA,"tag only","N"
"aacf92d8-fa10-4e91-a7ba-f30e7c9d078b","LOADED","2015-08-19",2015,"NEON.PLA.D17.TEAK.00378","VST.TEAK.00378.2015","ABCOL","D17","TEAK","TEAK_054",41,NA,61,239.3,7.8,"map and tag",NA
"aaf79707-baf2-4490-9311-3333c305c2ff","LOADED","2015-07-23",2015,"NEON.PLA.D05.UNDE.02084","VST.UNDE.02084.2015","POTR5","D05","UNDE","UNDE_043",23,1,NA,NA,NA,"tag only","N"
"ad2fc94b-b90e-4b23-bf60-6a0880f8aeaa","LOADED","2020-09-03",2020,"NEON.PLA.D05.STEI.05505","VST.STEI.05505.2020","POTR5","D05","STEI","STEI_047",23,4,41,170.9,8.4,"map and tag","N"
"ad6f3613-1b25-4a91-9056-450cc414d278","LOADED","2016-09-23",2016,"NEON.PLA.D05.STEI.03189","VST.STEI.03189.2016","POTR5","D05","STEI","STEI_058",41,NA,59,122.1,7.9,"map and tag","N"
"add62f80-7f2c-4538-aab7-2327ed163cc5","LOADED",NA,2015,"NEON.PLA.D03.OSBS.00837","VST.OSBS.00837.2015","DIVI5","D03","OSBS","OSBS_042",21,NA,39,130.5,5.6,"map and tag","N"
"ae55c90a-cf07-4428-9ee5-f3b3ce9e8309","LOADED","2019-09-19",2019,"NEON.PLA.D12.YELL.02746","VST.YELL.02746.2019","POTR5","D12","YELL","YELL_046",41,1,NA,NA,NA,"tag only","N"
"aedfd496-1418-40c6-9ed7-ec0d6e9c4442","LOADED","2017-05-24",2016,"NEON.PLA.D19.DEJU.00219","VST.DEJU.00219.2016","PIMA","D19","DEJU","DEJU_047",21,4,NA,NA,NA,"tag only","N"
"aeeedf82-b267-4d5c-938f-db5317503f1f","LOADED","2016-09-28",2016,"NEON.PLA.D05.UNDE.02324B","VST.UNDE.02324B.2016","ACRU","D05","UNDE","UNDE_043",23,NA,NA,NA,NA,"tag only","N"
"aff845b6-dc5b-4271-a5cc-131ae1c57375","LOADED","2019-09-16",2019,"NEON.PLA.D12.YELL.01040","VST.YELL.01040.2019","PSME","D12","YELL","YELL_048",23,NA,39,167,11.7,"map and tag","N"
"b0fd017b-25a5-4a18-bd80-f44f0c2f923a","LOADED","2015-09-16",2015,"NEON.PLA.D17.TEAK.01517","VST.TEAK.01517.2015","ABMA","D17","TEAK","TEAK_044",21,NA,39,111.6,15.3,"map and tag",NA
"b4df20c3-4e4e-4656-a942-7469e1c9a093","LOADED","2018-10-18",2018,"NEON.PLA.D12.YELL.00529","VST.YELL.00529.2018","JUCO6","D12","YELL","YELL_012",31,1,NA,NA,NA,"tag only","N"
"b7930de1-afae-42ea-9970-9f0dea498a48","LOADED","2015-08-13",2015,"NEON.PLA.D17.TEAK.00421","VST.TEAK.00421.2015","ABCOL","D17","TEAK","TEAK_045",23,NA,43,254.6,5.6,"map and tag",NA
"b9e10971-0f0c-4144-bcea-d22ec3391d16","LOADED","2017-10-11",2017,"NEON.PLA.D05.UNDE.00616","VST.UNDE.00616.2017","BEAL2","D05","UNDE","UNDE_037",41,NA,59,118,8.6,"map and tag","N"
"ba5ee87b-2623-4cb7-b48f-82e53381eff0","LOADED","2019-10-01",2019,"NEON.PLA.D05.STEI.01587","VST.STEI.01587.2019","THOC2","D05","STEI","STEI_047",21,NA,23,273.9,4.2,"map and tag","N"
"bbeb2acc-fe01-4b46-8afe-8a1b47dadffe","LOADED","2015-08-11",2015,"NEON.PLA.D19.HEAL.01311","VST.HEAL.01311.2015","BETUL","D19","HEAL","HEAL_014",40,1,NA,NA,NA,"tag only",NA
"bcaa5b11-7677-4534-b0c1-001d3cf4bd47","LOADED","2017-05-24",2016,"NEON.PLA.D19.DEJU.00217","VST.DEJU.00217.2016","PIMA","D19","DEJU","DEJU_047",21,4,NA,NA,NA,"tag only","N"
"bd4dda17-5bb9-4450-b2f3-ee2d55806f69","LOADED","2019-11-19",2019,"NEON.PLA.D16.WREF.04424A","VST.WREF.04424A.2019","PSMEM","D16","WREF","WREF_073",39,NA,NA,NA,NA,"tag only","N"
"bd9573f8-dfa4-492c-b60f-05020825bd38","LOADED","2015-07-23",2015,"NEON.PLA.D05.UNDE.02016","VST.UNDE.02016.2015","POTR5","D05","UNDE","UNDE_043",23,1,NA,NA,NA,"tag only","N"
"be6b1bc8-f1e7-4cb3-ae2c-239656973496","LOADED","2015-08-18",2015,"NEON.PLA.D05.STEI.01502","VST.STEI.01502.2015","POTR5","D05","STEI","STEI_057",21,1,NA,NA,NA,"tag only","N"
"be712f86-6793-4dcf-9426-6be762ec8678","LOADED",NA,2015,"NEON.PLA.D03.JERC.04019","VST.JERC.04019.2015","PIPA2","D03","JERC","JERC_063",21,NA,41,183.4,16.8,"map and tag","N"
"bed6bb51-3381-4f69-ba81-b790c7badcd9","LOADED","2015-06-20",2015,"NEON.PLA.D19.DEJU.02924","VST.DEJU.02924.2015","PIMA","D19","DEJU","DEJU_046",23,NA,23,338.3,4.1,"map and tag",NA
"bf49ce6c-936f-4a7f-acea-c4225029aab0","LOADED",NA,2015,"NEON.PLA.D03.OSBS.00271","VST.OSBS.00271.2015","PIPA2","D03","OSBS","OSBS_042",41,NA,NA,NA,NA,"tag only","N"
"c2950a81-cd21-4464-9d8e-384105184e1b","LOADED","2015-09-29",2015,"NEON.PLA.D17.TEAK.02132","VST.TEAK.02132.2015","ABCOL","D17","TEAK","TEAK_046",41,NA,43,346.5,9.8,"map and tag",NA
"c6197cc2-5f17-4b05-a1e4-9c3dc90285aa","LOADED","2019-09-16",2019,"NEON.PLA.D12.YELL.01043","VST.YELL.01043.2019","PSME","D12","YELL","YELL_048",23,NA,39,160.4,14.4,"map and tag","N"
"c849977f-8d9d-4fd5-ab4f-f7899ea0beca","LOADED","2015-07-21",2015,"NEON.PLA.D05.UNDE.00394","VST.UNDE.00394.2015","ACRU","D05","UNDE","UNDE_037",41,NA,NA,NA,NA,"map and tag","N"
"c84d50bb-095a-48f7-b0e1-bb8b2478e272","LOADED","2019-09-18",2019,"NEON.PLA.D12.YELL.01530","VST.YELL.01530.2019","PSME","D12","YELL","YELL_045",23,NA,43,213.7,10.1,"map and tag","N"
"ca90ec0c-4363-4f5e-b1bc-d3cdfc0a36c4","LOADED","2019-10-03",2019,"NEON.PLA.D05.STEI.03528","VST.STEI.03528.2019","POTR5","D05","STEI","STEI_053",39,NA,41,347.4,8.1,"map and tag","N"
"caf3e7f3-9c25-4e74-b88e-1d52039bd8e6","LOADED","2016-10-19",2016,"NEON.PLA.D01.BART.01505B","VST.BART.01505B.2016","TSCA","D01","BART","BART_001",40,NA,NA,NA,NA,"tag only","N"
"cc82fe54-3c50-4c1e-bed0-280db43fcc9d","LOADED",NA,2015,"NEON.PLA.D03.OSBS.00278","VST.OSBS.00278.2015","DIVI5","D03","OSBS","OSBS_042",41,NA,NA,NA,NA,"tag only","N"
"cef5e076-2398-44b1-aafa-674d5d332a1e","LOADED","2016-10-10",2016,"NEON.PLA.D08.DELA.12294","VST.DELA.12294.2016","ULAL","D08","DELA","DELA_056",39,1,41,282,6.6,"map and tag","N"
"d174d54d-b797-465c-a3ed-21dcafea5a24","LOADED","2015-08-18",2015,"NEON.PLA.D05.STEI.01722","VST.STEI.01722.2015","POTR5","D05","STEI","STEI_047",23,2,NA,NA,NA,"tag only","N"
"d3fd2d1b-a888-4ca4-a98a-4d14a9126fab","LOADED","2015-08-19",2015,"NEON.PLA.D17.TEAK.00382","VST.TEAK.00382.2015","PIJE","D17","TEAK","TEAK_054",41,NA,61,179.1,15.2,"map and tag",NA
"d52feee1-b8f9-4740-ad84-3118b815f8c6","LOADED","2015-09-29",2015,"NEON.PLA.D17.TEAK.02054","VST.TEAK.02054.2015","PIJE","D17","TEAK","TEAK_046",39,NA,39,72.6,10.2,"map and tag",NA
"d5739322-40da-4eb7-b8ce-c15f5d11dcaa","LOADED",NA,2017,"NEON.PLA.D03.JERC.07976","VST.JERC.07976.2017","QUHE2","D03","JERC","JERC_060",23,2,NA,NA,NA,"tag only","N"
"d8fe669c-51d0-4246-a9db-d4a57792a59a","LOADED",NA,2014,"NEON.PLA.D03.JERC.04412","VST.JERC.04412.2014","DIVI5","D03","JERC","JERC_053",41,1,NA,NA,NA,"tag only","N"
"da9c3a5e-e7de-4bab-9876-db1289a26ce9","LOADED",NA,2015,"NEON.PLA.D03.JERC.04203","VST.JERC.04203.2015","QUIN","D03","JERC","JERC_049",21,NA,NA,NA,NA,"tag only","N"
"dae31776-4c73-4c82-860f-0e28595e7b3c","LOADED",NA,2015,"NEON.PLA.D03.JERC.02320","VST.JERC.02320.2015","SAAL5","D03","JERC","JERC_054",39,NA,NA,NA,NA,"tag only","N"
"db469884-d541-4e0e-9f7a-25ea57199c43","LOADED",NA,2015,"NEON.PLA.D03.JERC.04180","VST.JERC.04180.2015","QUIN","D03","JERC","JERC_049",21,NA,NA,NA,NA,"tag only","N"
"dbb2231f-f5a1-4723-b285-b40f879e532a","LOADED","2017-09-28",2017,"NEON.PLA.D05.STEI.00340","VST.STEI.00340.2017","ABBA","D05","STEI","STEI_053",23,NA,NA,NA,NA,"tag only","N"
"e0c078c6-2dcd-45ba-97ca-09c9506ca592","LOADED","2019-09-16",2019,"NEON.PLA.D12.YELL.01031","VST.YELL.01031.2019","PSME","D12","YELL","YELL_048",21,NA,23,355.4,7.9,"map and tag","N"
"e1428f67-8ccb-42b3-9306-8fcfbdcebedd","LOADED","2015-09-29",2015,"NEON.PLA.D17.TEAK.02146","VST.TEAK.02146.2015","ABCOL","D17","TEAK","TEAK_046",41,NA,43,270.1,18,"map and tag",NA
"e3da3ce6-828e-46cc-aa3a-051db4009f8a","LOADED","2015-08-13",2015,"NEON.PLA.D17.TEAK.00322","VST.TEAK.00322.2015","ABCOL","D17","TEAK","TEAK_045",39,NA,49,282.2,7.2,"map and tag",NA
"e47a1923-8030-41ea-a18b-127231417894","LOADED","2015-09-10",2015,"NEON.PLA.D17.TEAK.01202","VST.TEAK.01202.2015","ABCOL","D17","TEAK","TEAK_055",23,NA,43,224.9,4.8,"map and tag",NA
"e5c81a67-ac0a-4c25-8c32-f403705deca9","PARSE_FAIL","2021-04-07",2021,"NEON.PLA.D06.UKFS.09139","VST.UKFS.09139.2021","CECA4","D06","UKFS","UKFS_043",21,NA,NA,NA,NA,"tag only","N"
"e91aba21-c5da-496c-a1e1-3483e2972bcb","LOADED","2015-07-21",2015,"NEON.PLA.D05.UNDE.01809","VST.UNDE.01809.2015","ACRU","D05","UNDE","UNDE_037",39,NA,57,151,14.1,"map and tag","N"
"e9730666-7e8d-4269-a859-af0f3cd7d789","LOADED","2014-09-03",2014,"NEON.PLA.D01.BART.01283","VST.BART.01283.2014","FAGR","D01","BART","BART_002",31,NA,NA,NA,NA,"tag only","N"
"ea34708b-71a7-4eb3-a758-0da108a55e4a","LOADED","2015-07-23",2015,"NEON.PLA.D05.UNDE.02343","VST.UNDE.02343.2015","ACSA3","D05","UNDE","UNDE_043",23,4,NA,NA,NA,"tag only","N"
"eb60cf85-8f81-4786-8a38-262cb8626c0f","LOADED","2015-08-13",2015,"NEON.PLA.D17.TEAK.00361","VST.TEAK.00361.2015","ABCOL","D17","TEAK","TEAK_045",39,NA,49,96.5,4.5,"map and tag",NA
"ebd43329-bb00-4620-a023-3704b1e088b6","LOADED","2015-07-21",2015,"NEON.PLA.D05.UNDE.01850","VST.UNDE.01850.2015","ABBA","D05","UNDE","UNDE_037",41,NA,59,170.1,11.9,"map and tag","N"
"ecf94107-1a83-4d24-8d8c-ca88576c0b29","LOADED","2015-08-19",2015,"NEON.PLA.D17.TEAK.00505","VST.TEAK.00505.2015","ABCOL","D17","TEAK","TEAK_054",41,NA,NA,NA,NA,"map and tag",NA
"eee69a64-92f4-4f68-b4c4-5a3c9364dd28","LOADED","2015-08-19",2015,"NEON.PLA.D17.TEAK.00510","VST.TEAK.00510.2015","PICO","D17","TEAK","TEAK_054",23,NA,43,192.5,5.6,"map and tag",NA
"f051d767-31bd-422e-be71-92da6ddce836","LOADED","2019-09-16",2019,"NEON.PLA.D12.YELL.01075","VST.YELL.01075.2019","PSME","D12","YELL","YELL_048",NA,NA,23,56.6,8.9,"map and tag","N"
"f05eef95-0c2a-42bf-8539-01d133e91130","LOADED","2015-09-08",2015,"NEON.PLA.D17.TEAK.01196","VST.TEAK.01196.2015","ABCOL","D17","TEAK","TEAK_060",23,NA,23,19.5,6,"map and tag",NA
"f0d2aac2-f616-4e25-a5d6-9e70a65def3d","LOADED","2016-09-28",2016,"NEON.PLA.D05.UNDE.03491","VST.UNDE.03491.2016","ACRU","D05","UNDE","UNDE_043",39,NA,NA,NA,NA,"tag only","N"
"f1fe4ca8-df8e-4234-adb7-d0f26c8ab8c6","LOADED","2016-08-09",2016,"NEON.PLA.D19.HEAL.02546","VST.HEAL.02546.2016","BEGL/BENA","D19","HEAL","HEAL_018",31,4,NA,NA,NA,"tag only","N"
"f4ac77c1-e8c6-4bad-9bb4-c824cf7544d5","LOADED","2015-06-17",2015,"NEON.PLA.D19.DEJU.00487","VST.DEJU.00487.2015","ALVI5","D19","DEJU","DEJU_052",21,4,NA,NA,NA,"tag only",NA
"f7a5313a-0ab6-4713-a60d-a78124657a25","LOADED","2014-09-03",2014,"NEON.PLA.D01.BART.01185","VST.BART.01185.2014","FAGR","D01","BART","BART_002",31,NA,NA,NA,NA,"tag only","N"
"f8db8122-a2dc-4143-ba80-9e321711b051","LOADED","2015-09-29",2015,"NEON.PLA.D17.TEAK.02136","VST.TEAK.02136.2015","ABCOL","D17","TEAK","TEAK_046",41,NA,43,305.8,7.1,"map and tag",NA
"f8e7982f-c513-463e-9e27-fd7676d22beb","LOADED","2016-06-23",2016,"NEON.PLA.D19.BONA.00989","VST.BONA.00989.2016","POTR5","D19","BONA","BONA_084",41,NA,43,252.4,7.2,"map and tag","N"
"f92f9f31-da12-41a5-817b-8961d71c2b75","LOADED","2016-06-13",2016,"NEON.PLA.D19.BONA.00001","VST.BONA.00001.2016","PIGL","D19","BONA","BONA_072",23,2,NA,NA,NA,"tag only","N"
"fa60a2ca-7aae-4d0d-af97-030a29fadf9e","LOADED","2015-08-18",2015,"NEON.PLA.D05.STEI.01501","VST.STEI.01501.2015","POTR5","D05","STEI","STEI_057",21,4,NA,NA,NA,"tag only",NA
"fade6687-4779-4f71-b1e2-a0c4dde5fd09","LOADED","2015-07-23",2015,"NEON.PLA.D05.UNDE.09649","VST.UNDE.09649.2015","COCO6","D05","UNDE","UNDE_043",23,1,NA,NA,NA,"tag only","N"
"fb017cfa-ae73-46fe-9eec-d8897216b729","LOADED","2017-05-24",2016,"NEON.PLA.D19.DEJU.00220A","VST.DEJU.00220A.2016","PIMA","D19","DEJU","DEJU_047",21,NA,NA,NA,NA,"tag only","N"
"fb4ed196-510d-4f19-a097-1aaf2ce506ea","LOADED","2015-08-20",2015,"NEON.PLA.D17.TEAK.00548","VST.TEAK.00548.2015","ABCOL","D17","TEAK","TEAK_048",21,NA,NA,NA,NA,"map and tag",NA
"fcc41999-a7f6-4d15-bad4-5c77b1cf2b78","LOADED","2015-07-21",2015,"NEON.PLA.D05.UNDE.02219","VST.UNDE.02219.2015","ACRU","D05","UNDE","UNDE_037",41,NA,43,287.5,8.8,"map and tag","N"
"fd3d76e3-34a8-4f84-9b50-c781125e6da7","LOADED","2014-08-13",2014,"NEON.PLA.D01.BART.01538","VST.BART.01538.2014","TSCA","D01","BART","BART_001",31,1,32,289.4,7.5,"map and tag","N"
"fd85542c-a17e-45b9-b038-b2560f633749","LOADED","2015-08-13",2015,"NEON.PLA.D17.TEAK.00405","VST.TEAK.00405.2015","ABCOL","D17","TEAK","TEAK_045",23,NA,43,230.1,2.1,"map and tag",NA
"fe4f0737-fb6a-4f01-a1fc-92b67dbd9ca9","LOADED","2015-09-24",2015,"NEON.PLA.D17.TEAK.01928","VST.TEAK.01928.2015","PICO","D17","TEAK","TEAK_051",NA,NA,NA,NA,NA,"map and tag",NA
"fec374ab-2466-4bc4-a50d-ffcef57f6344","LOADED","2015-09-21",2015,"NEON.PLA.D17.TEAK.01737","VST.TEAK.01737.2015","PICO","D17","TEAK","TEAK_057",21,NA,39,139.8,8.5,"map and tag",NA
"ff9e2686-7d10-409e-ac72-0450f789d999","LOADED","2017-08-17",2020,"NEON.PLA.D19.BONA.03606","VST.BONA.03606.2020","PIMA","D19","BONA","BONA_012",32,NA,33,346.4,6.4,"map and tag","N"
"ff9fe47d-bc53-4136-96dd-c06d3ad06e65","LOADED","2015-06-17",2015,"NEON.PLA.D19.DEJU.00491","VST.DEJU.00491.2015","BETUL","D19","DEJU","DEJU_052",21,1,NA,NA,NA,"tag only",NA
"ffa47c39-d7e1-4ca8-bbb7-8d63c5f66943","LOADED",NA,2015,"NEON.PLA.D03.OSBS.00684","VST.OSBS.00684.2015","DIVI5","D03","OSBS","OSBS_042",41,NA,41,12,14.6,"map and tag","N"
"ffdbef78-cf00-4bad-8cd1-1bb8dd5c287a","LOADED","2018-09-12",2018,"NEON.PLA.D10.RMNP.03861","VST.RMNP.03861.2018","POTR5","D10","RMNP","RMNP_009",41,4,NA,NA,NA,"tag only","N"
