"","domainid","siteid","plotid_parent","tallydate","yearboutbegan","eventid","volumefactor","samplingprotocolversion","lidsazimuth","targettaxapresent","logdistance","logmaxdiameter","minorlogdiameter","logid","loglength","taxonid","scientificname","decayclass","diameterClass","decayClassNum"
"1","D07","MLBS","MLBS_008","2018-07-24T00:00:00.000Z",2018,"CDW.2018.MLBS","5","NEON.DOC.001711vD",130,"N",NA,NA,NA,NA,NA,NA,NA,NA,NA,NA
"2","D07","MLBS","MLBS_018","2018-07-24T00:00:00.000Z",2018,"CDW.2018.MLBS","5","NEON.DOC.001711vD",230,"N",NA,NA,NA,NA,NA,NA,NA,NA,NA,NA
"3","D07","MLBS","MLBS_076","2018-05-09T00:00:00.000Z",2018,"CDW.2018.MLBS","5","NEON.DOC.001711vD",20,"Y",15.3,21,NA,"00004",10.4,"BELE","Betula lenta L.","3 - Heartwood sound",">=10cm","3"
"4","D07","MLBS","MLBS_013","2018-07-26T00:00:00.000Z",2018,"CDW.2018.MLBS","5","NEON.DOC.001711vD",280,"N",NA,NA,NA,NA,NA,NA,NA,NA,NA,NA
"5","D07","MLBS","MLBS_076","2018-05-09T00:00:00.000Z",2018,"CDW.2018.MLBS","5","NEON.DOC.001711vD",140,"Y",4.5,24.4,NA,"00001",7.7,"PIEC2","Pinus echinata Mill.","3 - Heartwood sound",">=10cm","3"
"6","D07","MLBS","MLBS_076","2018-05-09T00:00:00.000Z",2018,"CDW.2018.MLBS","5","NEON.DOC.001711vD",140,"Y",11.5,14.1,NA,"00002",4.8,"PIEC2","Pinus echinata Mill.","3 - Heartwood sound",">=10cm","3"
"7","D07","MLBS","MLBS_076","2018-05-09T00:00:00.000Z",2018,"CDW.2018.MLBS","5","NEON.DOC.001711vD",20,"Y",5.9,22.2,18.9,"00003",5.4,"PIEC2","Pinus echinata Mill.","3 - Heartwood sound",">=10cm","3"
"8","D07","MLBS","MLBS_076","2018-05-09T00:00:00.000Z",2018,"CDW.2018.MLBS","5","NEON.DOC.001711vD",20,"Y",22.5,23.4,15,"00005",9.5,"PIEC2","Pinus echinata Mill.","4 - Rotten throughout",">=10cm","4"
"9","D07","MLBS","MLBS_013","2018-07-26T00:00:00.000Z",2018,"CDW.2018.MLBS","5","NEON.DOC.001711vD",40,"N",NA,NA,NA,NA,NA,NA,NA,NA,NA,NA
"10","D07","MLBS","MLBS_076","2018-05-09T00:00:00.000Z",2018,"CDW.2018.MLBS","5","NEON.DOC.001711vD",20,"Y",23.2,28,26.5,"00006",7.6,"PIEC2","Pinus echinata Mill.","3 - Heartwood sound",">=10cm","3"
"11","D07","MLBS","MLBS_075","2018-05-09T00:00:00.000Z",2018,"CDW.2018.MLBS","5","NEON.DOC.001711vD",300,"N",NA,NA,NA,NA,NA,NA,NA,NA,NA,NA
"12","D07","MLBS","MLBS_075","2018-05-09T00:00:00.000Z",2018,"CDW.2018.MLBS","5","NEON.DOC.001711vD",180,"Y",7.9,9.9,9.5,"L01",7.7,"QURU","Quercus rubra L.","3 - Heartwood sound","5-10cm","3"
"13","D07","MLBS","MLBS_075","2018-05-09T00:00:00.000Z",2018,"CDW.2018.MLBS","5","NEON.DOC.001711vD",60,"Y",0.4,2.5,NA,"L02",1.3,"BELE","Betula lenta L.","3 - Heartwood sound","2-5cm","3"
"14","D07","MLBS","MLBS_064","2018-05-09T00:00:00.000Z",2018,"CDW.2018.MLBS","5","NEON.DOC.001711vD",280,"Y",4.8,19.6,14.6,"00008",6.2,"QURU","Quercus rubra L.","4 - Rotten throughout",">=10cm","4"
"15","D07","MLBS","MLBS_075","2018-05-09T00:00:00.000Z",2018,"CDW.2018.MLBS","5","NEON.DOC.001711vD",60,"Y",2.9,7.1,7.7,"L03",5.1,"ACRU","Acer rubrum L.","3 - Heartwood sound","5-10cm","3"
"16","D07","MLBS","MLBS_075","2018-05-09T00:00:00.000Z",2018,"CDW.2018.MLBS","5","NEON.DOC.001711vD",60,"Y",28.2,35,30.4,"00010",2.9,"QUAL","Quercus alba L.","3 - Heartwood sound",">=10cm","3"
"17","D07","MLBS","MLBS_064","2018-05-09T00:00:00.000Z",2018,"CDW.2018.MLBS","5","NEON.DOC.001711vD",160,"Y",0.1,6.2,NA,"L01",1.9,"QUAL","Quercus alba L.","3 - Heartwood sound","5-10cm","3"
"18","D07","MLBS","MLBS_064","2018-05-09T00:00:00.000Z",2018,"CDW.2018.MLBS","5","NEON.DOC.001711vD",160,"Y",4.1,12,NA,"00007",1.6,"QUAL","Quercus alba L.","3 - Heartwood sound",">=10cm","3"
"19","D07","MLBS","MLBS_064","2018-05-09T00:00:00.000Z",2018,"CDW.2018.MLBS","5","NEON.DOC.001711vD",280,"Y",83,50.4,8.2,"00009",5.2,"QUERC","Quercus sp.","5 - No structural integrity",">=10cm","5"
"20","D07","MLBS","MLBS_064","2018-05-09T00:00:00.000Z",2018,"CDW.2018.MLBS","5","NEON.DOC.001711vD",40,"Y",0.2,9.5,NA,"L02",4.1,"PIEC2","Pinus echinata Mill.","3 - Heartwood sound","5-10cm","3"
"21","D07","MLBS","MLBS_061","2018-05-09T00:00:00.000Z",2018,"CDW.2018.MLBS","5","NEON.DOC.001711vD",140,"N",NA,NA,NA,NA,NA,NA,NA,NA,NA,NA
"22","D07","MLBS","MLBS_061","2018-05-09T00:00:00.000Z",2018,"CDW.2018.MLBS","5","NEON.DOC.001711vD",20,"N",NA,NA,NA,NA,NA,NA,NA,NA,NA,NA
"23","D07","MLBS","MLBS_061","2018-05-09T00:00:00.000Z",2018,"CDW.2018.MLBS","5","NEON.DOC.001711vD",260,"Y",1.3,5.2,4.2,"L01",4,"ULRU","Ulmus rubra Muhl.","3 - Heartwood sound","5-10cm","3"
"24","D07","MLBS","MLBS_061","2018-05-09T00:00:00.000Z",2018,"CDW.2018.MLBS","5","NEON.DOC.001711vD",260,"Y",1.3,4.4,NA,"L02",1.8,"ULRU","Ulmus rubra Muhl.","3 - Heartwood sound","2-5cm","3"
"25","D07","MLBS","MLBS_013","2018-07-26T00:00:00.000Z",2018,"CDW.2018.MLBS","5","NEON.DOC.001711vD",160,"N",NA,NA,NA,NA,NA,NA,NA,NA,NA,NA
"26","D07","MLBS","MLBS_005","2018-06-15T00:00:00.000Z",2018,"CDW.2018.MLBS","5","NEON.DOC.001711vD",320,"Y",0.1,7,6.6,"L01",2.6,"QURU","Quercus rubra L.","4 - Rotten throughout","5-10cm","4"
"27","D07","MLBS","MLBS_005","2018-06-15T00:00:00.000Z",2018,"CDW.2018.MLBS","5","NEON.DOC.001711vD",80,"Y",1.2,6.3,7,"L02",2.4,"QURU","Quercus rubra L.","3 - Heartwood sound","5-10cm","3"
"28","D07","MLBS","MLBS_005","2018-06-15T00:00:00.000Z",2018,"CDW.2018.MLBS","5","NEON.DOC.001711vD",200,"Y",35,25.4,NA,"00134",7.2,"PIST","Pinus strobus L.","3 - Heartwood sound",">=10cm","3"
"29","D07","MLBS","MLBS_005","2018-06-15T00:00:00.000Z",2018,"CDW.2018.MLBS","5","NEON.DOC.001711vD",320,"Y",3.4,11,10.5,"00135",5.5,"QURU","Quercus rubra L.","2 - Sound round",">=10cm","2"
"30","D07","MLBS","MLBS_005","2018-06-15T00:00:00.000Z",2018,"CDW.2018.MLBS","5","NEON.DOC.001711vD",320,"Y",44,47.5,10.7,"00136",9.3,"QURU","Quercus rubra L.","4 - Rotten throughout",">=10cm","4"
"31","D07","MLBS","MLBS_005","2018-06-15T00:00:00.000Z",2018,"CDW.2018.MLBS","5","NEON.DOC.001711vD",320,"Y",103,48.3,8.8,"00137",7.8,"QURU","Quercus rubra L.","4 - Rotten throughout",">=10cm","4"
"32","D07","MLBS","MLBS_005","2018-06-15T00:00:00.000Z",2018,"CDW.2018.MLBS","5","NEON.DOC.001711vD",80,"Y",1.7,18.8,18.2,"00138",12.3,"QURU","Quercus rubra L.","3 - Heartwood sound",">=10cm","3"
"33","D07","MLBS","MLBS_005","2018-06-15T00:00:00.000Z",2018,"CDW.2018.MLBS","5","NEON.DOC.001711vD",80,"Y",4.7,14.1,14.5,"00139",7.1,"QURU","Quercus rubra L.","3 - Heartwood sound",">=10cm","3"
"34","D07","MLBS","MLBS_020","2018-06-14T00:00:00.000Z",2018,"CDW.2018.MLBS","5","NEON.DOC.001711vD",270,"Y",0.2,12.8,NA,"00097",11.3,"QUAL","Quercus alba L.","3 - Heartwood sound",">=10cm","3"
"35","D07","MLBS","MLBS_020","2018-06-14T00:00:00.000Z",2018,"CDW.2018.MLBS","5","NEON.DOC.001711vD",150,"Y",0.4,13.4,NA,"00090",8,"QUAL","Quercus alba L.","3 - Heartwood sound",">=10cm","3"
"36","D07","MLBS","MLBS_020","2018-06-14T00:00:00.000Z",2018,"CDW.2018.MLBS","5","NEON.DOC.001711vD",30,"Y",4.3,15.6,NA,"00086",10.7,"QUAL","Quercus alba L.","3 - Heartwood sound",">=10cm","3"
"37","D07","MLBS","MLBS_020","2018-06-14T00:00:00.000Z",2018,"CDW.2018.MLBS","5","NEON.DOC.001711vD",30,"Y",9.4,14.8,NA,"00087",7.1,"QUAL","Quercus alba L.","3 - Heartwood sound",">=10cm","3"
"38","D07","MLBS","MLBS_020","2018-06-14T00:00:00.000Z",2018,"CDW.2018.MLBS","5","NEON.DOC.001711vD",30,"Y",55.4,67.7,NA,"00088",16.7,"PIST","Pinus strobus L.","3 - Heartwood sound",">=10cm","3"
"39","D07","MLBS","MLBS_020","2018-06-14T00:00:00.000Z",2018,"CDW.2018.MLBS","5","NEON.DOC.001711vD",30,"Y",69.1,35.5,NA,"00089",4.5,"PIST","Pinus strobus L.","5 - No structural integrity",">=10cm","5"
"40","D07","MLBS","MLBS_020","2018-06-14T00:00:00.000Z",2018,"CDW.2018.MLBS","5","NEON.DOC.001711vD",150,"Y",1.1,11,NA,"00091",10,"QUAL","Quercus alba L.","3 - Heartwood sound",">=10cm","3"
"41","D07","MLBS","MLBS_020","2018-06-14T00:00:00.000Z",2018,"CDW.2018.MLBS","5","NEON.DOC.001711vD",150,"Y",3.4,11.2,NA,"00092",6.2,"QUAL","Quercus alba L.","3 - Heartwood sound",">=10cm","3"
"42","D07","MLBS","MLBS_020","2018-06-14T00:00:00.000Z",2018,"CDW.2018.MLBS","5","NEON.DOC.001711vD",150,"Y",8.8,14.7,NA,"00093",9.1,"QUAL","Quercus alba L.","3 - Heartwood sound",">=10cm","3"
"43","D07","MLBS","MLBS_020","2018-06-14T00:00:00.000Z",2018,"CDW.2018.MLBS","5","NEON.DOC.001711vD",150,"Y",10.2,13.4,NA,"00094",14.3,"QUAL","Quercus alba L.","3 - Heartwood sound",">=10cm","3"
"44","D07","MLBS","MLBS_020","2018-06-14T00:00:00.000Z",2018,"CDW.2018.MLBS","5","NEON.DOC.001711vD",150,"Y",13,14.5,NA,"00095",12.3,"QUAL","Quercus alba L.","3 - Heartwood sound",">=10cm","3"
"45","D07","MLBS","MLBS_020","2018-06-14T00:00:00.000Z",2018,"CDW.2018.MLBS","5","NEON.DOC.001711vD",150,"Y",36.3,21.1,NA,"00096",11.9,"QUAL","Quercus alba L.","3 - Heartwood sound",">=10cm","3"
"46","D07","MLBS","MLBS_020","2018-06-14T00:00:00.000Z",2018,"CDW.2018.MLBS","5","NEON.DOC.001711vD",270,"Y",2.6,11.9,NA,"00098",12.6,"QUAL","Quercus alba L.","3 - Heartwood sound",">=10cm","3"
"47","D07","MLBS","MLBS_020","2018-06-14T00:00:00.000Z",2018,"CDW.2018.MLBS","5","NEON.DOC.001711vD",270,"Y",5.1,12.8,NA,"00099",3.8,"QUAL","Quercus alba L.","3 - Heartwood sound",">=10cm","3"
"48","D07","MLBS","MLBS_020","2018-06-14T00:00:00.000Z",2018,"CDW.2018.MLBS","5","NEON.DOC.001711vD",270,"Y",5.3,11.9,NA,"00100",8.7,"QUAL","Quercus alba L.","3 - Heartwood sound",">=10cm","3"
"49","D07","MLBS","MLBS_020","2018-06-14T00:00:00.000Z",2018,"CDW.2018.MLBS","5","NEON.DOC.001711vD",270,"Y",11.3,19,NA,"00131",12.4,"QUAL","Quercus alba L.","3 - Heartwood sound",">=10cm","3"
"50","D07","MLBS","MLBS_020","2018-06-14T00:00:00.000Z",2018,"CDW.2018.MLBS","5","NEON.DOC.001711vD",270,"Y",18.6,15,NA,"00132",9.2,"PIST","Pinus strobus L.","3 - Heartwood sound",">=10cm","3"
"51","D07","MLBS","MLBS_020","2018-06-14T00:00:00.000Z",2018,"CDW.2018.MLBS","5","NEON.DOC.001711vD",270,"Y",43.2,25.4,NA,"00133",18,"QURU","Quercus rubra L.","2 - Sound round",">=10cm","2"
"52","D07","MLBS","MLBS_007","2018-06-14T00:00:00.000Z",2018,"CDW.2018.MLBS","5","NEON.DOC.001711vD",210,"Y",1,15.3,NA,"00085",1.4,"QUAL","Quercus alba L.","4 - Rotten throughout",">=10cm","4"
"53","D07","MLBS","MLBS_007","2018-06-14T00:00:00.000Z",2018,"CDW.2018.MLBS","5","NEON.DOC.001711vD",330,"Y",2.2,16.3,NA,"00080",15.3,"PIST","Pinus strobus L.","3 - Heartwood sound",">=10cm","3"
"54","D07","MLBS","MLBS_007","2018-06-14T00:00:00.000Z",2018,"CDW.2018.MLBS","5","NEON.DOC.001711vD",90,"Y",118.4,50.6,50.9,"00079",20.5,"PIST","Pinus strobus L.","2 - Sound round",">=10cm","2"
"55","D07","MLBS","MLBS_007","2018-06-14T00:00:00.000Z",2018,"CDW.2018.MLBS","5","NEON.DOC.001711vD",330,"Y",6.1,8.7,8.2,"L01",3.7,"ACRU","Acer rubrum L.","3 - Heartwood sound","5-10cm","3"
"56","D07","MLBS","MLBS_007","2018-06-14T00:00:00.000Z",2018,"CDW.2018.MLBS","5","NEON.DOC.001711vD",330,"Y",6.3,14.4,9.3,"00081",16.1,"PIST","Pinus strobus L.","4 - Rotten throughout",">=10cm","4"
"57","D07","MLBS","MLBS_007","2018-06-14T00:00:00.000Z",2018,"CDW.2018.MLBS","5","NEON.DOC.001711vD",330,"Y",12.6,17.5,NA,"00082",2.8,"PIST","Pinus strobus L.","4 - Rotten throughout",">=10cm","4"
"58","D07","MLBS","MLBS_007","2018-06-14T00:00:00.000Z",2018,"CDW.2018.MLBS","5","NEON.DOC.001711vD",330,"Y",16,22.1,21.4,"00083",12.8,"PIST","Pinus strobus L.","3 - Heartwood sound",">=10cm","3"
"59","D07","MLBS","MLBS_007","2018-06-14T00:00:00.000Z",2018,"CDW.2018.MLBS","5","NEON.DOC.001711vD",330,"Y",63.5,23.7,NA,"00084",13.6,"PIST","Pinus strobus L.","4 - Rotten throughout",">=10cm","4"
"60","D07","MLBS","MLBS_007","2018-06-14T00:00:00.000Z",2018,"CDW.2018.MLBS","5","NEON.DOC.001711vD",330,"Y",63.4,18,NA,"00084",13.6,"PIST","Pinus strobus L.","4 - Rotten throughout",">=10cm","4"
"61","D07","MLBS","MLBS_019","2018-06-13T00:00:00.000Z",2018,"CDW.2018.MLBS","5","NEON.DOC.001711vD",270,"Y",47.7,25.4,25.1,"00070",17.2,"QUAL","Quercus alba L.","3 - Heartwood sound",">=10cm","3"
"62","D07","MLBS","MLBS_019","2018-06-13T00:00:00.000Z",2018,"CDW.2018.MLBS","5","NEON.DOC.001711vD",270,"Y",54.8,35.4,NA,"00071",19.1,"QUAL","Quercus alba L.","3 - Heartwood sound",">=10cm","3"
"63","D07","MLBS","MLBS_019","2018-06-13T00:00:00.000Z",2018,"CDW.2018.MLBS","5","NEON.DOC.001711vD",30,"Y",3.7,13,NA,"00072",5.9,"QUAL","Quercus alba L.","2 - Sound round",">=10cm","2"
"64","D07","MLBS","MLBS_019","2018-06-13T00:00:00.000Z",2018,"CDW.2018.MLBS","5","NEON.DOC.001711vD",150,"Y",5.3,11.6,NA,"00073",17.6,"QUAL","Quercus alba L.","3 - Heartwood sound",">=10cm","3"
"65","D07","MLBS","MLBS_019","2018-06-13T00:00:00.000Z",2018,"CDW.2018.MLBS","5","NEON.DOC.001711vD",150,"Y",5.5,10.4,NA,"00073",17.6,"QUAL","Quercus alba L.","3 - Heartwood sound",">=10cm","3"
"66","D07","MLBS","MLBS_019","2018-06-13T00:00:00.000Z",2018,"CDW.2018.MLBS","5","NEON.DOC.001711vD",150,"Y",6.4,17.3,15.1,"00074",8,"QUAL","Quercus alba L.","3 - Heartwood sound",">=10cm","3"
"67","D07","MLBS","MLBS_019","2018-06-13T00:00:00.000Z",2018,"CDW.2018.MLBS","5","NEON.DOC.001711vD",150,"Y",23.9,31,NA,"00075",18.1,"QUAL","Quercus alba L.","2 - Sound round",">=10cm","2"
"68","D07","MLBS","MLBS_019","2018-06-13T00:00:00.000Z",2018,"CDW.2018.MLBS","5","NEON.DOC.001711vD",150,"Y",28.6,22,19.2,"00076",16.2,"QUAL","Quercus alba L.","3 - Heartwood sound",">=10cm","3"
"69","D07","MLBS","MLBS_019","2018-06-13T00:00:00.000Z",2018,"CDW.2018.MLBS","5","NEON.DOC.001711vD",150,"Y",30.2,20.1,NA,"00077",19.3,"QUAL","Quercus alba L.","3 - Heartwood sound",">=10cm","3"
"70","D07","MLBS","MLBS_019","2018-06-13T00:00:00.000Z",2018,"CDW.2018.MLBS","5","NEON.DOC.001711vD",150,"Y",67.8,34.7,NA,"00078",22.5,"LITU","Liriodendron tulipifera L.","3 - Heartwood sound",">=10cm","3"
"71","D07","MLBS","MLBS_003","2018-05-30T00:00:00.000Z",2018,"CDW.2018.MLBS","5","NEON.DOC.001711vD",100,"Y",11.9,29,23,"00122",7.9,"QURU","Quercus rubra L.","3 - Heartwood sound",">=10cm","3"
"72","D07","MLBS","MLBS_003","2018-05-30T00:00:00.000Z",2018,"CDW.2018.MLBS","5","NEON.DOC.001711vD",100,"Y",13.9,21.5,NA,"00123",8.7,"QURU","Quercus rubra L.","3 - Heartwood sound",">=10cm","3"
"73","D07","MLBS","MLBS_003","2018-05-30T00:00:00.000Z",2018,"CDW.2018.MLBS","5","NEON.DOC.001711vD",100,"Y",70,49.1,NA,"00124",15.9,"QURU","Quercus rubra L.","3 - Heartwood sound",">=10cm","3"
"74","D07","MLBS","MLBS_003","2018-05-30T00:00:00.000Z",2018,"CDW.2018.MLBS","5","NEON.DOC.001711vD",340,"Y",0,12.9,NA,"00125",4.1,"QURU","Quercus rubra L.","3 - Heartwood sound",">=10cm","3"
"75","D07","MLBS","MLBS_003","2018-05-30T00:00:00.000Z",2018,"CDW.2018.MLBS","5","NEON.DOC.001711vD",340,"Y",2.6,19,NA,"00126",6.4,"ACRU","Acer rubrum L.","3 - Heartwood sound",">=10cm","3"
"76","D07","MLBS","MLBS_003","2018-05-30T00:00:00.000Z",2018,"CDW.2018.MLBS","5","NEON.DOC.001711vD",340,"Y",21.7,18.1,11.5,"00127",7.9,"ACRU","Acer rubrum L.","4 - Rotten throughout",">=10cm","4"
"77","D07","MLBS","MLBS_003","2018-05-30T00:00:00.000Z",2018,"CDW.2018.MLBS","5","NEON.DOC.001711vD",340,"Y",39.7,25.7,14,"00128",5.2,"QURU","Quercus rubra L.","4 - Rotten throughout",">=10cm","4"
"78","D07","MLBS","MLBS_003","2018-05-30T00:00:00.000Z",2018,"CDW.2018.MLBS","5","NEON.DOC.001711vD",220,"Y",15.9,55.5,NA,"00129",12.9,"QURU","Quercus rubra L.","3 - Heartwood sound",">=10cm","3"
"79","D07","MLBS","MLBS_003","2018-05-30T00:00:00.000Z",2018,"CDW.2018.MLBS","5","NEON.DOC.001711vD",220,"Y",108,55,NA,"00129",12.9,"QURU","Quercus rubra L.","3 - Heartwood sound",">=10cm","3"
"80","D07","MLBS","MLBS_003","2018-05-30T00:00:00.000Z",2018,"CDW.2018.MLBS","5","NEON.DOC.001711vD",100,"Y",11.1,12.9,NA,"00121",9.1,"QURU","Quercus rubra L.","3 - Heartwood sound",">=10cm","3"
"81","D07","MLBS","MLBS_003","2018-05-30T00:00:00.000Z",2018,"CDW.2018.MLBS","5","NEON.DOC.001711vD",100,"Y",18.3,20.5,NA,"00130",11.2,"QURU","Quercus rubra L.","3 - Heartwood sound",">=10cm","3"
"82","D07","MLBS","MLBS_002","2018-05-30T00:00:00.000Z",2018,"CDW.2018.MLBS","5","NEON.DOC.001711vD",260,"Y",5.5,9.8,NA,"L01",2.2,"ACRU","Acer rubrum L.","4 - Rotten throughout","5-10cm","4"
"83","D07","MLBS","MLBS_002","2018-05-30T00:00:00.000Z",2018,"CDW.2018.MLBS","5","NEON.DOC.001711vD",260,"Y",70.4,33.3,NA,"00116",4.5,"ACRU","Acer rubrum L.","3 - Heartwood sound",">=10cm","3"
"84","D07","MLBS","MLBS_002","2018-05-30T00:00:00.000Z",2018,"CDW.2018.MLBS","5","NEON.DOC.001711vD",140,"Y",0.8,10.2,NA,"00117",5.4,"ACRU","Acer rubrum L.","3 - Heartwood sound",">=10cm","3"
"85","D07","MLBS","MLBS_002","2018-05-30T00:00:00.000Z",2018,"CDW.2018.MLBS","5","NEON.DOC.001711vD",140,"Y",78.4,32,25.7,"00118",6.6,"QURU","Quercus rubra L.","4 - Rotten throughout",">=10cm","4"
"86","D07","MLBS","MLBS_002","2018-05-30T00:00:00.000Z",2018,"CDW.2018.MLBS","5","NEON.DOC.001711vD",140,"Y",96.3,37.6,NA,"00119",10.2,"QUAL","Quercus alba L.","3 - Heartwood sound",">=10cm","3"
"87","D07","MLBS","MLBS_002","2018-05-30T00:00:00.000Z",2018,"CDW.2018.MLBS","5","NEON.DOC.001711vD",140,"Y",149.9,43.6,34.8,"00120",4.4,"QURU","Quercus rubra L.","4 - Rotten throughout",">=10cm","4"
"88","D07","MLBS","MLBS_009","2018-05-30T00:00:00.000Z",2018,"CDW.2018.MLBS","5","NEON.DOC.001711vD",200,"Y",0.6,79.7,21,"00113",2.5,"QURU","Quercus rubra L.","5 - No structural integrity",">=10cm","5"
"89","D07","MLBS","MLBS_009","2018-05-30T00:00:00.000Z",2018,"CDW.2018.MLBS","5","NEON.DOC.001711vD",320,"Y",2.8,8.1,7.2,"L01",2.6,"QURU","Quercus rubra L.","4 - Rotten throughout","5-10cm","4"
"90","D07","MLBS","MLBS_009","2018-05-30T00:00:00.000Z",2018,"CDW.2018.MLBS","5","NEON.DOC.001711vD",320,"Y",6,20.9,7.2,"00114",1,"QURU","Quercus rubra L.","4 - Rotten throughout",">=10cm","4"
"91","D07","MLBS","MLBS_009","2018-05-30T00:00:00.000Z",2018,"CDW.2018.MLBS","5","NEON.DOC.001711vD",80,"Y",0.8,4.4,NA,"L02",2.2,"QURU","Quercus rubra L.","3 - Heartwood sound","2-5cm","3"
"92","D07","MLBS","MLBS_009","2018-05-30T00:00:00.000Z",2018,"CDW.2018.MLBS","5","NEON.DOC.001711vD",80,"Y",28.95,19.2,18.2,"00115",4.8,"QUAL","Quercus alba L.","3 - Heartwood sound",">=10cm","3"
"93","D07","MLBS","MLBS_071","2018-05-30T00:00:00.000Z",2018,"CDW.2018.MLBS","5","NEON.DOC.001711vD",250,"Y",23.9,29.3,NA,"00111",6.1,"PIEC2","Pinus echinata Mill.","4 - Rotten throughout",">=10cm","4"
"94","D07","MLBS","MLBS_071","2018-05-30T00:00:00.000Z",2018,"CDW.2018.MLBS","5","NEON.DOC.001711vD",250,"Y",46.3,25.9,NA,"00112",6.6,"QURU","Quercus rubra L.","3 - Heartwood sound",">=10cm","3"
"95","D07","MLBS","MLBS_068","2018-05-30T00:00:00.000Z",2018,"CDW.2018.MLBS","5","NEON.DOC.001711vD",250,"Y",3.6,11.5,10.2,"00105",5.7,"QURU","Quercus rubra L.","3 - Heartwood sound",">=10cm","3"
"96","D07","MLBS","MLBS_068","2018-05-30T00:00:00.000Z",2018,"CDW.2018.MLBS","5","NEON.DOC.001711vD",250,"Y",3.6,12.9,14,"00105",5.7,"QURU","Quercus rubra L.","4 - Rotten throughout",">=10cm","4"
"97","D07","MLBS","MLBS_068","2018-05-30T00:00:00.000Z",2018,"CDW.2018.MLBS","5","NEON.DOC.001711vD",130,"Y",0.7,7.5,6.1,"L01",1.9,"QUAL","Quercus alba L.","3 - Heartwood sound","5-10cm","3"
"98","D07","MLBS","MLBS_068","2018-05-30T00:00:00.000Z",2018,"CDW.2018.MLBS","5","NEON.DOC.001711vD",130,"Y",3.5,12,12.8,"00106",6.8,"QUAL","Quercus alba L.","3 - Heartwood sound",">=10cm","3"
"99","D07","MLBS","MLBS_068","2018-05-30T00:00:00.000Z",2018,"CDW.2018.MLBS","5","NEON.DOC.001711vD",130,"Y",4.8,13.7,NA,"00107",4.8,"QUAL","Quercus alba L.","3 - Heartwood sound",">=10cm","3"
"100","D07","MLBS","MLBS_068","2018-05-30T00:00:00.000Z",2018,"CDW.2018.MLBS","5","NEON.DOC.001711vD",130,"Y",9.6,28.4,20,"00108",11.9,"QUAL","Quercus alba L.","3 - Heartwood sound",">=10cm","3"
"101","D07","MLBS","MLBS_068","2018-05-30T00:00:00.000Z",2018,"CDW.2018.MLBS","5","NEON.DOC.001711vD",130,"Y",24,18.6,15,"00109",5.1,"QUAL","Quercus alba L.","3 - Heartwood sound",">=10cm","3"
"102","D07","MLBS","MLBS_068","2018-05-30T00:00:00.000Z",2018,"CDW.2018.MLBS","5","NEON.DOC.001711vD",10,"Y",21,19.6,NA,"00110",6.1,"QUAL","Quercus alba L.","3 - Heartwood sound",">=10cm","3"
"103","D07","MLBS","MLBS_063","2018-05-30T00:00:00.000Z",2018,"CDW.2018.MLBS","5","NEON.DOC.001711vD",220,"Y",3.3,18.3,NA,"00101",9.2,"QUAL","Quercus alba L.","3 - Heartwood sound",">=10cm","3"
"104","D07","MLBS","MLBS_063","2018-05-30T00:00:00.000Z",2018,"CDW.2018.MLBS","5","NEON.DOC.001711vD",340,"Y",35.5,22,13.9,"00102",3.7,"ACRU","Acer rubrum L.","3 - Heartwood sound",">=10cm","3"
"105","D07","MLBS","MLBS_063","2018-05-30T00:00:00.000Z",2018,"CDW.2018.MLBS","5","NEON.DOC.001711vD",100,"Y",44.4,27.3,5,"00103",8.5,"QURU","Quercus rubra L.","5 - No structural integrity",">=10cm","5"
"106","D07","MLBS","MLBS_063","2018-05-30T00:00:00.000Z",2018,"CDW.2018.MLBS","5","NEON.DOC.001711vD",100,"Y",61.4,30.4,29.3,"00104",11.1,"QUAL","Quercus alba L.","3 - Heartwood sound",">=10cm","3"
"107","D07","MLBS","MLBS_008","2018-07-24T00:00:00.000Z",2018,"CDW.2018.MLBS","5","NEON.DOC.001711vD",10,"Y",4.6,10.2,NA,"00150",6.6,"ROPS","Robinia pseudoacacia L.","3 - Heartwood sound",">=10cm","3"
"108","D07","MLBS","MLBS_008","2018-07-24T00:00:00.000Z",2018,"CDW.2018.MLBS","5","NEON.DOC.001711vD",10,"Y",12.1,24.5,NA,"00151",3.9,"QURU","Quercus rubra L.","3 - Heartwood sound",">=10cm","3"
"109","D07","MLBS","MLBS_008","2018-07-24T00:00:00.000Z",2018,"CDW.2018.MLBS","5","NEON.DOC.001711vD",10,"Y",14.4,24.1,NA,"00152",13.4,"QURU","Quercus rubra L.","3 - Heartwood sound",">=10cm","3"
"110","D07","MLBS","MLBS_008","2018-07-24T00:00:00.000Z",2018,"CDW.2018.MLBS","5","NEON.DOC.001711vD",10,"Y",14.9,26.5,NA,"00153",13.4,"BETUL","Betula sp.","3 - Heartwood sound",">=10cm","3"
"111","D07","MLBS","MLBS_008","2018-07-24T00:00:00.000Z",2018,"CDW.2018.MLBS","5","NEON.DOC.001711vD",10,"Y",16.4,19,NA,"00154",7.4,"BETUL","Betula sp.","3 - Heartwood sound",">=10cm","3"
"112","D07","MLBS","MLBS_008","2018-07-24T00:00:00.000Z",2018,"CDW.2018.MLBS","5","NEON.DOC.001711vD",250,"Y",0.2,3.3,NA,"L01",1.3,"2PLANT-H","Unknown Hardwood","3 - Heartwood sound","2-5cm","3"
"113","D07","MLBS","MLBS_008","2018-07-24T00:00:00.000Z",2018,"CDW.2018.MLBS","5","NEON.DOC.001711vD",250,"Y",1.4,8,NA,"L02",3.1,"ACER","Acer sp.","3 - Heartwood sound","5-10cm","3"
"114","D07","MLBS","MLBS_008","2018-07-24T00:00:00.000Z",2018,"CDW.2018.MLBS","5","NEON.DOC.001711vD",250,"Y",29,17.7,NA,"00155",3.1,"LIRIO","Liriodendron sp.","3 - Heartwood sound",">=10cm","3"
"115","D07","MLBS","MLBS_008","2018-07-24T00:00:00.000Z",2018,"CDW.2018.MLBS","5","NEON.DOC.001711vD",250,"Y",3.1,6.3,NA,"L03",2.4,"LIRIO","Liriodendron sp.","3 - Heartwood sound","5-10cm","3"
"116","D07","MLBS","MLBS_008","2018-07-24T00:00:00.000Z",2018,"CDW.2018.MLBS","5","NEON.DOC.001711vD",250,"Y",18.7,16.3,NA,"00156",6,"ROPS","Robinia pseudoacacia L.","3 - Heartwood sound",">=10cm","3"
"117","D07","MLBS","MLBS_006","2018-07-23T00:00:00.000Z",2018,"CDW.2018.MLBS","5","NEON.DOC.001711vD",10,"Y",62.5,28.4,NA,"00140",12.2,"ACRU","Acer rubrum L.","3 - Heartwood sound",">=10cm","3"
"118","D07","MLBS","MLBS_006","2018-07-23T00:00:00.000Z",2018,"CDW.2018.MLBS","5","NEON.DOC.001711vD",10,"Y",71.1,32.5,25.4,"00141",1.5,"PINUS","Pinus sp.","4 - Rotten throughout",">=10cm","4"
"119","D07","MLBS","MLBS_006","2018-07-23T00:00:00.000Z",2018,"CDW.2018.MLBS","5","NEON.DOC.001711vD",130,"N",NA,NA,NA,NA,NA,NA,NA,NA,NA,NA
"120","D07","MLBS","MLBS_006","2018-07-23T00:00:00.000Z",2018,"CDW.2018.MLBS","5","NEON.DOC.001711vD",250,"Y",3.2,6.3,NA,"L01",4.1,"QUAL","Quercus alba L.","3 - Heartwood sound","5-10cm","3"
"121","D07","MLBS","MLBS_018","2018-07-24T00:00:00.000Z",2018,"CDW.2018.MLBS","5","NEON.DOC.001711vD",110,"N",NA,NA,NA,NA,NA,NA,NA,NA,NA,NA
"122","D07","MLBS","MLBS_018","2018-07-24T00:00:00.000Z",2018,"CDW.2018.MLBS","5","NEON.DOC.001711vD",350,"Y",4.5,12.2,NA,"00145",5.6,"QURU","Quercus rubra L.","3 - Heartwood sound",">=10cm","3"
"123","D07","MLBS","MLBS_018","2018-07-24T00:00:00.000Z",2018,"CDW.2018.MLBS","5","NEON.DOC.001711vD",350,"Y",6.3,13,NA,"00146",3.9,"ROPS","Robinia pseudoacacia L.","3 - Heartwood sound",">=10cm","3"
"124","D07","MLBS","MLBS_018","2018-07-24T00:00:00.000Z",2018,"CDW.2018.MLBS","5","NEON.DOC.001711vD",350,"Y",11,13.3,NA,"00147",7.2,"QURU","Quercus rubra L.","3 - Heartwood sound",">=10cm","3"
"125","D07","MLBS","MLBS_018","2018-07-24T00:00:00.000Z",2018,"CDW.2018.MLBS","5","NEON.DOC.001711vD",350,"Y",17.2,19,NA,"00148",12.6,"QURU","Quercus rubra L.","3 - Heartwood sound",">=10cm","3"
"126","D07","MLBS","MLBS_018","2018-07-24T00:00:00.000Z",2018,"CDW.2018.MLBS","5","NEON.DOC.001711vD",350,"Y",24.3,19.4,NA,"00149",3.6,"QURU","Quercus rubra L.","3 - Heartwood sound",">=10cm","3"
"127","D07","MLBS","MLBS_004","2018-07-24T00:00:00.000Z",2018,"CDW.2018.MLBS","5","NEON.DOC.001711vD",20,"N",NA,NA,NA,NA,NA,NA,NA,NA,NA,NA
"128","D07","MLBS","MLBS_004","2018-07-24T00:00:00.000Z",2018,"CDW.2018.MLBS","5","NEON.DOC.001711vD",260,"Y",38.7,23.3,NA,"00142",10.6,"QURU","Quercus rubra L.","3 - Heartwood sound",">=10cm","3"
"129","D07","MLBS","MLBS_004","2018-07-24T00:00:00.000Z",2018,"CDW.2018.MLBS","5","NEON.DOC.001711vD",260,"Y",80.8,37.9,NA,"00143",19.6,"QURU","Quercus rubra L.","3 - Heartwood sound",">=10cm","3"
"130","D07","MLBS","MLBS_004","2018-07-24T00:00:00.000Z",2018,"CDW.2018.MLBS","5","NEON.DOC.001711vD",140,"Y",19.6,25.1,21,"00144",5.1,"QURU","Quercus rubra L.","4 - Rotten throughout",">=10cm","4"
"131","D07","MLBS","MLBS_011","2018-07-25T00:00:00.000Z",2018,"CDW.2018.MLBS","5","NEON.DOC.001711vD",130,"Y",24.2,20.7,17,"00157",1.8,"QURU","Quercus rubra L.","4 - Rotten throughout",">=10cm","4"
"132","D07","MLBS","MLBS_011","2018-07-25T00:00:00.000Z",2018,"CDW.2018.MLBS","5","NEON.DOC.001711vD",130,"Y",40.6,25,NA,"00158",4,"QURU","Quercus rubra L.","3 - Heartwood sound",">=10cm","3"
"133","D07","MLBS","MLBS_011","2018-07-25T00:00:00.000Z",2018,"CDW.2018.MLBS","5","NEON.DOC.001711vD",130,"Y",107.7,42,NA,"00159",5.45,"2PLANT-H","Unknown Hardwood","3 - Heartwood sound",">=10cm","3"
"134","D07","MLBS","MLBS_011","2018-07-25T00:00:00.000Z",2018,"CDW.2018.MLBS","5","NEON.DOC.001711vD",250,"Y",0.7,3,NA,"L01",2,"QURU","Quercus rubra L.","3 - Heartwood sound","2-5cm","3"
"135","D07","MLBS","MLBS_011","2018-07-25T00:00:00.000Z",2018,"CDW.2018.MLBS","5","NEON.DOC.001711vD",250,"Y",6.9,11.6,NA,"00160",1.1,"QURU","Quercus rubra L.","2 - Sound round",">=10cm","2"
"136","D07","MLBS","MLBS_011","2018-07-25T00:00:00.000Z",2018,"CDW.2018.MLBS","5","NEON.DOC.001711vD",250,"Y",46.5,38.1,NA,"00161",12.2,"QURU","Quercus rubra L.","3 - Heartwood sound",">=10cm","3"
"137","D07","MLBS","MLBS_011","2018-07-25T00:00:00.000Z",2018,"CDW.2018.MLBS","5","NEON.DOC.001711vD",250,"Y",93.9,34,NA,"00162",7.3,"ACER","Acer sp.","3 - Heartwood sound",">=10cm","3"
"138","D07","MLBS","MLBS_011","2018-07-25T00:00:00.000Z",2018,"CDW.2018.MLBS","5","NEON.DOC.001711vD",10,"Y",8.2,14,NA,"00163",6.3,"QURU","Quercus rubra L.","3 - Heartwood sound",">=10cm","3"
"139","D07","MLBS","MLBS_010","2018-07-25T00:00:00.000Z",2018,"CDW.2018.MLBS","5","NEON.DOC.001711vD",210,"Y",11.5,18,NA,"00175",3.8,"ACER","Acer sp.","4 - Rotten throughout",">=10cm","4"
"140","D07","MLBS","MLBS_010","2018-07-25T00:00:00.000Z",2018,"CDW.2018.MLBS","5","NEON.DOC.001711vD",210,"Y",12.1,16.6,NA,"00176",11,"ROPS","Robinia pseudoacacia L.","3 - Heartwood sound",">=10cm","3"
"141","D07","MLBS","MLBS_010","2018-07-25T00:00:00.000Z",2018,"CDW.2018.MLBS","5","NEON.DOC.001711vD",210,"Y",21.5,29.4,NA,"00177",7.7,"QUAL","Quercus alba L.","3 - Heartwood sound",">=10cm","3"
"142","D07","MLBS","MLBS_010","2018-07-25T00:00:00.000Z",2018,"CDW.2018.MLBS","5","NEON.DOC.001711vD",210,"Y",69.9,38.4,NA,"00178",6.1,"QURU","Quercus rubra L.","3 - Heartwood sound",">=10cm","3"
"143","D07","MLBS","MLBS_010","2018-07-25T00:00:00.000Z",2018,"CDW.2018.MLBS","5","NEON.DOC.001711vD",330,"Y",28.6,36.2,NA,"00179",9.8,"QURU","Quercus rubra L.","3 - Heartwood sound",">=10cm","3"
"144","D07","MLBS","MLBS_010","2018-07-25T00:00:00.000Z",2018,"CDW.2018.MLBS","5","NEON.DOC.001711vD",90,"Y",0.5,5.5,NA,"L01",5,"QURU","Quercus rubra L.","3 - Heartwood sound","5-10cm","3"
"145","D07","MLBS","MLBS_010","2018-07-25T00:00:00.000Z",2018,"CDW.2018.MLBS","5","NEON.DOC.001711vD",90,"Y",1.6,6.8,NA,"L02",6,"ACPE","Acer pensylvanicum L.","1 - Fresh fallen","5-10cm","1"
"146","D07","MLBS","MLBS_001","2018-07-25T00:00:00.000Z",2018,"CDW.2018.MLBS","5","NEON.DOC.001711vD",130,"Y",0.2,14.6,NA,"00168",8.8,"QURU","Quercus rubra L.","3 - Heartwood sound",">=10cm","3"
"147","D07","MLBS","MLBS_001","2018-07-25T00:00:00.000Z",2018,"CDW.2018.MLBS","5","NEON.DOC.001711vD",250,"Y",4.4,14.5,NA,"00169",2.5,"ROPS","Robinia pseudoacacia L.","5 - No structural integrity",">=10cm","5"
"148","D07","MLBS","MLBS_001","2018-07-25T00:00:00.000Z",2018,"CDW.2018.MLBS","5","NEON.DOC.001711vD",250,"Y",61.4,30.9,NA,"00170",8.8,"QURU","Quercus rubra L.","4 - Rotten throughout",">=10cm","4"
"149","D07","MLBS","MLBS_001","2018-07-25T00:00:00.000Z",2018,"CDW.2018.MLBS","5","NEON.DOC.001711vD",250,"Y",76.9,33.7,NA,"00171",6.7,"QUAL","Quercus alba L.","4 - Rotten throughout",">=10cm","4"
"150","D07","MLBS","MLBS_001","2018-07-25T00:00:00.000Z",2018,"CDW.2018.MLBS","5","NEON.DOC.001711vD",250,"Y",85.8,37.8,NA,"00172",8.5,"QURU","Quercus rubra L.","3 - Heartwood sound",">=10cm","3"
"151","D07","MLBS","MLBS_001","2018-07-25T00:00:00.000Z",2018,"CDW.2018.MLBS","5","NEON.DOC.001711vD",10,"Y",0.8,14.6,NA,"00173",7.3,"QURU","Quercus rubra L.","3 - Heartwood sound",">=10cm","3"
"152","D07","MLBS","MLBS_001","2018-07-25T00:00:00.000Z",2018,"CDW.2018.MLBS","5","NEON.DOC.001711vD",10,"Y",101.6,45.2,NA,"00174",5.6,"QUAL","Quercus alba L.","3 - Heartwood sound",">=10cm","3"
"153","D07","MLBS","MLBS_017","2018-07-25T00:00:00.000Z",2018,"CDW.2018.MLBS","5","NEON.DOC.001711vD",30,"Y",24.4,19.5,NA,"00166",5.7,"QURU","Quercus rubra L.","3 - Heartwood sound",">=10cm","3"
"154","D07","MLBS","MLBS_017","2018-07-25T00:00:00.000Z",2018,"CDW.2018.MLBS","5","NEON.DOC.001711vD",150,"Y",56.6,39.6,NA,"00167",3.5,"QURU","Quercus rubra L.","3 - Heartwood sound",">=10cm","3"
"155","D07","MLBS","MLBS_017","2018-07-25T00:00:00.000Z",2018,"CDW.2018.MLBS","5","NEON.DOC.001711vD",270,"Y",2.6,7.5,NA,"L01",2.2,"QURU","Quercus rubra L.","3 - Heartwood sound","5-10cm","3"
"156","D07","MLBS","MLBS_012","2018-07-25T00:00:00.000Z",2018,"CDW.2018.MLBS","5","NEON.DOC.001711vD",320,"Y",0.6,3.7,NA,"L01",1.5,"QURU","Quercus rubra L.","4 - Rotten throughout","2-5cm","4"
"157","D07","MLBS","MLBS_012","2018-07-25T00:00:00.000Z",2018,"CDW.2018.MLBS","5","NEON.DOC.001711vD",80,"Y",0.4,10.6,NA,"00164",1.9,"QUAL","Quercus alba L.","3 - Heartwood sound",">=10cm","3"
"158","D07","MLBS","MLBS_012","2018-07-25T00:00:00.000Z",2018,"CDW.2018.MLBS","5","NEON.DOC.001711vD",80,"Y",4,7.1,NA,"L02",1.8,"QURU","Quercus rubra L.","4 - Rotten throughout","5-10cm","4"
"159","D07","MLBS","MLBS_012","2018-07-25T00:00:00.000Z",2018,"CDW.2018.MLBS","5","NEON.DOC.001711vD",80,"Y",8.2,12.4,NA,"00165",4.8,"ACRU","Acer rubrum L.","3 - Heartwood sound",">=10cm","3"
"160","D07","MLBS","MLBS_012","2018-07-25T00:00:00.000Z",2018,"CDW.2018.MLBS","5","NEON.DOC.001711vD",200,"N",NA,NA,NA,NA,NA,NA,NA,NA,NA,NA
"161","D07","MLBS","MLBS_014","2018-08-02T00:00:00.000Z",2018,"CDW.2018.MLBS","5","NEON.DOC.001711vD",280,"N",NA,NA,NA,NA,NA,NA,NA,NA,NA,NA
"162","D07","MLBS","MLBS_014","2018-08-02T00:00:00.000Z",2018,"CDW.2018.MLBS","5","NEON.DOC.001711vD",160,"N",NA,NA,NA,NA,NA,NA,NA,NA,NA,NA
"163","D07","MLBS","MLBS_014","2018-08-02T00:00:00.000Z",2018,"CDW.2018.MLBS","5","NEON.DOC.001711vD",40,"Y",1.2,5.1,NA,"L01",1.9,"TSCA","Tsuga canadensis (L.) CarriÃ¨re","3 - Heartwood sound","5-10cm","3"
"164","D07","MLBS","MLBS_014","2018-08-02T00:00:00.000Z",2018,"CDW.2018.MLBS","5","NEON.DOC.001711vD",40,"Y",98.7,35.9,NA,"00200",8.9,"QUAL","Quercus alba L.","3 - Heartwood sound",">=10cm","3"
"165","D07","MLBS","MLBS_015","2018-08-01T00:00:00.000Z",2018,"CDW.2018.MLBS","5","NEON.DOC.001711vD",80,"Y",0.7,3.6,NA,"L01",1.2,"PIST","Pinus strobus L.","3 - Heartwood sound","2-5cm","3"
"166","D07","MLBS","MLBS_015","2018-08-01T00:00:00.000Z",2018,"CDW.2018.MLBS","5","NEON.DOC.001711vD",80,"Y",0.8,7,2.5,"L02",1.9,"QUERC","Quercus sp.","5 - No structural integrity","5-10cm","5"
"167","D07","MLBS","MLBS_015","2018-08-01T00:00:00.000Z",2018,"CDW.2018.MLBS","5","NEON.DOC.001711vD",80,"Y",18.9,32.5,NA,"00187",19.6,"QURU","Quercus rubra L.","3 - Heartwood sound",">=10cm","3"
"168","D07","MLBS","MLBS_015","2018-08-01T00:00:00.000Z",2018,"CDW.2018.MLBS","5","NEON.DOC.001711vD",80,"Y",52,26,NA,"00188",7.7,"QURU","Quercus rubra L.","3 - Heartwood sound",">=10cm","3"
"169","D07","MLBS","MLBS_015","2018-08-01T00:00:00.000Z",2018,"CDW.2018.MLBS","5","NEON.DOC.001711vD",200,"Y",5.6,20,NA,"00189",11.6,"QURU","Quercus rubra L.","3 - Heartwood sound",">=10cm","3"
"170","D07","MLBS","MLBS_015","2018-08-01T00:00:00.000Z",2018,"CDW.2018.MLBS","5","NEON.DOC.001711vD",200,"Y",6.5,29.9,NA,"00190",10.7,"QURU","Quercus rubra L.","3 - Heartwood sound",">=10cm","3"
"171","D07","MLBS","MLBS_015","2018-08-01T00:00:00.000Z",2018,"CDW.2018.MLBS","5","NEON.DOC.001711vD",200,"Y",12.6,22,NA,"00191",20.1,"QURU","Quercus rubra L.","3 - Heartwood sound",">=10cm","3"
"172","D07","MLBS","MLBS_015","2018-08-01T00:00:00.000Z",2018,"CDW.2018.MLBS","5","NEON.DOC.001711vD",200,"Y",22.4,23,NA,"00192",18.6,"QURU","Quercus rubra L.","4 - Rotten throughout",">=10cm","4"
"173","D07","MLBS","MLBS_015","2018-08-01T00:00:00.000Z",2018,"CDW.2018.MLBS","5","NEON.DOC.001711vD",200,"Y",25.5,25.5,NA,"00193",12.8,"QURU","Quercus rubra L.","3 - Heartwood sound",">=10cm","3"
"174","D07","MLBS","MLBS_015","2018-08-01T00:00:00.000Z",2018,"CDW.2018.MLBS","5","NEON.DOC.001711vD",200,"Y",29,23.5,NA,"00194",6.7,"QURU","Quercus rubra L.","4 - Rotten throughout",">=10cm","4"
"175","D07","MLBS","MLBS_015","2018-08-01T00:00:00.000Z",2018,"CDW.2018.MLBS","5","NEON.DOC.001711vD",320,"Y",2.9,12,NA,"00195",4.8,"QUERC","Quercus sp.","3 - Heartwood sound",">=10cm","3"
"176","D07","MLBS","MLBS_015","2018-08-01T00:00:00.000Z",2018,"CDW.2018.MLBS","5","NEON.DOC.001711vD",320,"Y",9.9,13.2,NA,"00196",7.4,"QUAL","Quercus alba L.","3 - Heartwood sound",">=10cm","3"
"177","D07","MLBS","MLBS_015","2018-08-01T00:00:00.000Z",2018,"CDW.2018.MLBS","5","NEON.DOC.001711vD",320,"Y",11.5,12.9,NA,"00197",2.4,"QUERC","Quercus sp.","3 - Heartwood sound",">=10cm","3"
"178","D07","MLBS","MLBS_015","2018-08-01T00:00:00.000Z",2018,"CDW.2018.MLBS","5","NEON.DOC.001711vD",320,"Y",22.9,21.5,NA,"00198",15.5,"2PLANT-H","Unknown Hardwood","4 - Rotten throughout",">=10cm","4"
"179","D07","MLBS","MLBS_015","2018-08-01T00:00:00.000Z",2018,"CDW.2018.MLBS","5","NEON.DOC.001711vD",320,"Y",48.8,28.5,NA,"00199",6.5,"QUERC","Quercus sp.","3 - Heartwood sound",">=10cm","3"
"180","D07","MLBS","MLBS_016","2018-08-01T00:00:00.000Z",2018,"CDW.2018.MLBS","5","NEON.DOC.001711vD",10,"Y",0.1,2.7,NA,"L01",1.5,"RHMA4","Rhododendron maximum L.","2 - Sound round","2-5cm","2"
"181","D07","MLBS","MLBS_016","2018-08-01T00:00:00.000Z",2018,"CDW.2018.MLBS","5","NEON.DOC.001711vD",10,"Y",0.1,2,NA,"L02",2,"RHMA4","Rhododendron maximum L.","2 - Sound round","2-5cm","2"
"182","D07","MLBS","MLBS_016","2018-08-01T00:00:00.000Z",2018,"CDW.2018.MLBS","5","NEON.DOC.001711vD",10,"Y",3.5,11.5,NA,"00180",9,"QUAL","Quercus alba L.","3 - Heartwood sound",">=10cm","3"
"183","D07","MLBS","MLBS_016","2018-08-01T00:00:00.000Z",2018,"CDW.2018.MLBS","5","NEON.DOC.001711vD",10,"Y",5.5,8.7,NA,"L03",3.4,"2PLANT-H","Unknown Hardwood","3 - Heartwood sound","5-10cm","3"
"184","D07","MLBS","MLBS_016","2018-08-01T00:00:00.000Z",2018,"CDW.2018.MLBS","5","NEON.DOC.001711vD",10,"Y",12.2,13.5,NA,"00181",3,"PIST","Pinus strobus L.","4 - Rotten throughout",">=10cm","4"
"185","D07","MLBS","MLBS_016","2018-08-01T00:00:00.000Z",2018,"CDW.2018.MLBS","5","NEON.DOC.001711vD",10,"Y",13.3,13.4,NA,"00182",5.5,"QUERC","Quercus sp.","3 - Heartwood sound",">=10cm","3"
"186","D07","MLBS","MLBS_016","2018-08-01T00:00:00.000Z",2018,"CDW.2018.MLBS","5","NEON.DOC.001711vD",130,"Y",0.5,3.1,NA,"L04",2.5,"RHMA4","Rhododendron maximum L.","2 - Sound round","2-5cm","2"
"187","D07","MLBS","MLBS_016","2018-08-01T00:00:00.000Z",2018,"CDW.2018.MLBS","5","NEON.DOC.001711vD",130,"Y",2,11,NA,"00183",3.4,"QUAL","Quercus alba L.","3 - Heartwood sound",">=10cm","3"
"188","D07","MLBS","MLBS_016","2018-08-01T00:00:00.000Z",2018,"CDW.2018.MLBS","5","NEON.DOC.001711vD",130,"Y",5,12.4,NA,"00184",3.6,"2PLANT-H","Unknown Hardwood","4 - Rotten throughout",">=10cm","4"
"189","D07","MLBS","MLBS_016","2018-08-01T00:00:00.000Z",2018,"CDW.2018.MLBS","5","NEON.DOC.001711vD",130,"Y",6.3,21.5,NA,"00185",13.6,"ROPS","Robinia pseudoacacia L.","3 - Heartwood sound",">=10cm","3"
"190","D07","MLBS","MLBS_016","2018-08-01T00:00:00.000Z",2018,"CDW.2018.MLBS","5","NEON.DOC.001711vD",250,"Y",66.1,38,NA,"00186",7.7,"QUAL","Quercus alba L.","3 - Heartwood sound",">=10cm","3"
"191","D07","MLBS","MLBS_070","2018-05-22T00:00:00.000Z",2018,"CDW.2018.MLBS","5","NEON.DOC.001711vD",280,"Y",0.65,3.8,NA,"L01",1.8,"AMAR3","Amelanchier arborea (Michx. f.) Fernald","2 - Sound round","2-5cm","2"
"192","D07","MLBS","MLBS_069","2018-05-23T00:00:00.000Z",2018,"CDW.2018.MLBS","5","NEON.DOC.001711vD",150,"Y",54.9,27.6,NA,"00066",9.6,"PINUS","Pinus strobus L.","3 - Heartwood sound",">=10cm","3"
"193","D07","MLBS","MLBS_069","2018-05-23T00:00:00.000Z",2018,"CDW.2018.MLBS","5","NEON.DOC.001711vD",30,"Y",5.3,14.5,8.6,"00067",3.4,"QUAL","Quercus alba L.","3 - Heartwood sound",">=10cm","3"
"194","D07","MLBS","MLBS_069","2018-05-23T00:00:00.000Z",2018,"CDW.2018.MLBS","5","NEON.DOC.001711vD",30,"Y",18.2,23.7,9.6,"00068",13.2,"QUAL","Quercus alba L.","3 - Heartwood sound",">=10cm","3"
"195","D07","MLBS","MLBS_069","2018-05-23T00:00:00.000Z",2018,"CDW.2018.MLBS","5","NEON.DOC.001711vD",30,"Y",74.3,49.4,46.7,"00069",10.6,"QUAL","Quercus alba L.","3 - Heartwood sound",">=10cm","3"
"196","D07","MLBS","MLBS_067","2018-05-23T00:00:00.000Z",2018,"CDW.2018.MLBS","5","NEON.DOC.001711vD",160,"Y",1.05,21.9,20.6,"00060",5.8,"QURU","Quercus rubra L.","3 - Heartwood sound",">=10cm","3"
"197","D07","MLBS","MLBS_067","2018-05-23T00:00:00.000Z",2018,"CDW.2018.MLBS","5","NEON.DOC.001711vD",160,"Y",11,22.2,NA,"00061",1.7,"QUAL","Quercus alba L.","2 - Sound round",">=10cm","2"
"198","D07","MLBS","MLBS_067","2018-05-23T00:00:00.000Z",2018,"CDW.2018.MLBS","5","NEON.DOC.001711vD",160,"Y",18.7,34,14.1,"00062",7.4,"QUAL","Quercus alba L.","3 - Heartwood sound",">=10cm","3"
"199","D07","MLBS","MLBS_067","2018-05-23T00:00:00.000Z",2018,"CDW.2018.MLBS","5","NEON.DOC.001711vD",160,"Y",40.5,40.2,29.1,"00063",9.1,"QUAL","Quercus alba L.","3 - Heartwood sound",">=10cm","3"
"200","D07","MLBS","MLBS_067","2018-05-23T00:00:00.000Z",2018,"CDW.2018.MLBS","5","NEON.DOC.001711vD",280,"Y",3.5,19.2,13,"00064",3.3,"QURU","Quercus rubra L.","4 - Rotten throughout",">=10cm","4"
"201","D07","MLBS","MLBS_067","2018-05-23T00:00:00.000Z",2018,"CDW.2018.MLBS","5","NEON.DOC.001711vD",40,"Y",53.1,28.3,21.9,"00065",7.5,"QUAL","Quercus alba L.","3 - Heartwood sound",">=10cm","3"
"202","D07","MLBS","MLBS_066","2018-05-23T00:00:00.000Z",2018,"CDW.2018.MLBS","5","NEON.DOC.001711vD",250,"Y",23.9,27.5,11.8,"00050",1.6,"QURU","Quercus rubra L.","4 - Rotten throughout",">=10cm","4"
"203","D07","MLBS","MLBS_066","2018-05-23T00:00:00.000Z",2018,"CDW.2018.MLBS","5","NEON.DOC.001711vD",250,"Y",28.45,34.3,22.9,"00051",3.7,"QURU","Quercus rubra L.","3 - Heartwood sound",">=10cm","3"
"204","D07","MLBS","MLBS_066","2018-05-23T00:00:00.000Z",2018,"CDW.2018.MLBS","5","NEON.DOC.001711vD",250,"Y",50.5,27.5,21.3,"00052",6.1,"PINUS","Pinus strobus L.","4 - Rotten throughout",">=10cm","4"
"205","D07","MLBS","MLBS_066","2018-05-23T00:00:00.000Z",2018,"CDW.2018.MLBS","5","NEON.DOC.001711vD",250,"Y",51.2,36.7,35.8,"00053",12.4,"QUAL","Quercus alba L.","3 - Heartwood sound",">=10cm","3"
"206","D07","MLBS","MLBS_066","2018-05-23T00:00:00.000Z",2018,"CDW.2018.MLBS","5","NEON.DOC.001711vD",10,"Y",10.2,14.3,12.7,"00054",3.2,"QURU","Quercus rubra L.","2 - Sound round",">=10cm","2"
"207","D07","MLBS","MLBS_066","2018-05-23T00:00:00.000Z",2018,"CDW.2018.MLBS","5","NEON.DOC.001711vD",10,"Y",36.1,26.7,NA,"00055",10,"PINUS","Pinus strobus L.","3 - Heartwood sound",">=10cm","3"
"208","D07","MLBS","MLBS_066","2018-05-23T00:00:00.000Z",2018,"CDW.2018.MLBS","5","NEON.DOC.001711vD",130,"Y",7.6,19.3,12.6,"00056",5.4,"PINUS","Pinus strobus L.","5 - No structural integrity",">=10cm","5"
"209","D07","MLBS","MLBS_066","2018-05-23T00:00:00.000Z",2018,"CDW.2018.MLBS","5","NEON.DOC.001711vD",130,"Y",11.7,18.7,11.7,"00057",5.9,"PINUS","Pinus strobus L.","3 - Heartwood sound",">=10cm","3"
"210","D07","MLBS","MLBS_066","2018-05-23T00:00:00.000Z",2018,"CDW.2018.MLBS","5","NEON.DOC.001711vD",130,"Y",13.5,32,15.5,"00058",2.4,"PINUS","Pinus strobus L.","3 - Heartwood sound",">=10cm","3"
"211","D07","MLBS","MLBS_066","2018-05-23T00:00:00.000Z",2018,"CDW.2018.MLBS","5","NEON.DOC.001711vD",130,"Y",15.4,14.7,13.4,"00059",3.6,"PINUS","Pinus strobus L.","3 - Heartwood sound",">=10cm","3"
"212","D07","MLBS","MLBS_074","2018-05-23T00:00:00.000Z",2018,"CDW.2018.MLBS","5","NEON.DOC.001711vD",270,"Y",3.85,15.5,5.3,"00044",6.1,"PINUS","Pinus strobus L.","4 - Rotten throughout",">=10cm","4"
"213","D07","MLBS","MLBS_074","2018-05-23T00:00:00.000Z",2018,"CDW.2018.MLBS","5","NEON.DOC.001711vD",270,"Y",99.4,40.5,34.5,"00045",11.3,"QUAL","Quercus alba L.","3 - Heartwood sound",">=10cm","3"
"214","D07","MLBS","MLBS_074","2018-05-23T00:00:00.000Z",2018,"CDW.2018.MLBS","5","NEON.DOC.001711vD",30,"Y",4.4,19.1,NA,"00046",5.4,"QURU","Quercus rubra L.","3 - Heartwood sound",">=10cm","3"
"215","D07","MLBS","MLBS_074","2018-05-23T00:00:00.000Z",2018,"CDW.2018.MLBS","5","NEON.DOC.001711vD",150,"Y",2.5,6,NA,"L01",1.3,"QURU","Quercus rubra L.","3 - Heartwood sound","5-10cm","3"
"216","D07","MLBS","MLBS_074","2018-05-23T00:00:00.000Z",2018,"CDW.2018.MLBS","5","NEON.DOC.001711vD",150,"Y",3.1,14.1,12.1,"00047",2.2,"QURU","Quercus rubra L.","3 - Heartwood sound",">=10cm","3"
"217","D07","MLBS","MLBS_074","2018-05-23T00:00:00.000Z",2018,"CDW.2018.MLBS","5","NEON.DOC.001711vD",150,"Y",5.2,19.1,9.5,"00048",1.3,"PINUS","Pinus strobus L.","4 - Rotten throughout",">=10cm","4"
"218","D07","MLBS","MLBS_074","2018-05-23T00:00:00.000Z",2018,"CDW.2018.MLBS","5","NEON.DOC.001711vD",150,"Y",32.9,21.3,21.5,"00049",8,"QURU","Quercus rubra L.","2 - Sound round",">=10cm","2"
"219","D07","MLBS","MLBS_073","2018-05-23T00:00:00.000Z",2018,"CDW.2018.MLBS","5","NEON.DOC.001711vD",10,"Y",0.3,2.6,NA,"L01",2.05,"QURU","Quercus rubra L.","4 - Rotten throughout","2-5cm","4"
"220","D07","MLBS","MLBS_073","2018-05-23T00:00:00.000Z",2018,"CDW.2018.MLBS","5","NEON.DOC.001711vD",10,"Y",5.3,13.8,5.1,"00033",1.1,"PINUS","Unknown Softwood","5 - No structural integrity",">=10cm","5"
"221","D07","MLBS","MLBS_073","2018-05-23T00:00:00.000Z",2018,"CDW.2018.MLBS","5","NEON.DOC.001711vD",10,"Y",81.3,50.5,39.6,"00034",10.8,"PIEC2","Pinus strobus L.","3 - Heartwood sound",">=10cm","3"
"222","D07","MLBS","MLBS_073","2018-05-23T00:00:00.000Z",2018,"CDW.2018.MLBS","5","NEON.DOC.001711vD",10,"Y",87.1,95,3.6,"00035",6,"PINUS","Unknown Softwood","5 - No structural integrity",">=10cm","5"
"223","D07","MLBS","MLBS_073","2018-05-23T00:00:00.000Z",2018,"CDW.2018.MLBS","5","NEON.DOC.001711vD",130,"Y",1.6,11.5,13.3,"00036",3.6,"PINUS","Pinus strobus L.","3 - Heartwood sound",">=10cm","3"
"224","D07","MLBS","MLBS_073","2018-05-23T00:00:00.000Z",2018,"CDW.2018.MLBS","5","NEON.DOC.001711vD",130,"Y",15,71,48.8,"00037",6.2,"ACRU","Acer rubrum L.","4 - Rotten throughout",">=10cm","4"
"225","D07","MLBS","MLBS_073","2018-05-23T00:00:00.000Z",2018,"CDW.2018.MLBS","5","NEON.DOC.001711vD",130,"Y",89,43.5,10,"00038",3.6,"PINUS","Unknown Softwood","5 - No structural integrity",">=10cm","5"
"226","D07","MLBS","MLBS_073","2018-05-23T00:00:00.000Z",2018,"CDW.2018.MLBS","5","NEON.DOC.001711vD",250,"Y",2.6,16.3,14.3,"00039",2.5,"PINUS","Pinus strobus L.","3 - Heartwood sound",">=10cm","3"
"227","D07","MLBS","MLBS_073","2018-05-23T00:00:00.000Z",2018,"CDW.2018.MLBS","5","NEON.DOC.001711vD",250,"Y",8,16.9,12.2,"00040",2,"PINUS","Pinus strobus L.","4 - Rotten throughout",">=10cm","4"
"228","D07","MLBS","MLBS_073","2018-05-23T00:00:00.000Z",2018,"CDW.2018.MLBS","5","NEON.DOC.001711vD",250,"Y",10.4,28,18.4,"00041",6.4,"ACRU","Acer rubrum L.","4 - Rotten throughout",">=10cm","4"
"229","D07","MLBS","MLBS_073","2018-05-23T00:00:00.000Z",2018,"CDW.2018.MLBS","5","NEON.DOC.001711vD",250,"Y",25.3,36,8.9,"00042",3.8,"PINUS","Pinus strobus L.","5 - No structural integrity",">=10cm","5"
"230","D07","MLBS","MLBS_073","2018-05-23T00:00:00.000Z",2018,"CDW.2018.MLBS","5","NEON.DOC.001711vD",250,"Y",102.9,49.1,NA,"00043",16.2,"QUAL","Quercus alba L.","2 - Sound round",">=10cm","2"
"231","D07","MLBS","MLBS_062","2018-05-22T00:00:00.000Z",2018,"CDW.2018.MLBS","5","NEON.DOC.001711vD",350,"Y",91.2,39,3.4,"00018",12.3,"PRSE2","Zygodon reinwardtii (Hornsch.) A. Br. var. subintegrifolius Malta","2 - Sound round",">=10cm","2"
"232","D07","MLBS","MLBS_062","2018-05-22T00:00:00.000Z",2018,"CDW.2018.MLBS","5","NEON.DOC.001711vD",350,"Y",121.5,39.9,40.5,"00019",14.4,"QUERC","Unknown Softwood","3 - Heartwood sound",">=10cm","3"
"233","D07","MLBS","MLBS_062","2018-05-22T00:00:00.000Z",2018,"CDW.2018.MLBS","5","NEON.DOC.001711vD",110,"Y",8.2,11.8,NA,"00020",4.2,"QUERC","Unknown Softwood","3 - Heartwood sound",">=10cm","3"
"234","D07","MLBS","MLBS_062","2018-05-22T00:00:00.000Z",2018,"CDW.2018.MLBS","5","NEON.DOC.001711vD",110,"Y",18.04,20.7,17.6,"00021",8.7,"QUERC","Unknown Softwood","3 - Heartwood sound",">=10cm","3"
"235","D07","MLBS","MLBS_062","2018-05-22T00:00:00.000Z",2018,"CDW.2018.MLBS","5","NEON.DOC.001711vD",230,"Y",22.95,19.6,NA,"00016",4.7,"QURU","Quercus rubra L.","3 - Heartwood sound",">=10cm","3"
"236","D07","MLBS","MLBS_062","2018-05-22T00:00:00.000Z",2018,"CDW.2018.MLBS","5","NEON.DOC.001711vD",230,"Y",94.9,40.9,NA,"00017",9.4,"QURU","Quercus rubra L.","3 - Heartwood sound",">=10cm","3"
"237","D07","MLBS","MLBS_065","2018-05-22T00:00:00.000Z",2018,"CDW.2018.MLBS","5","NEON.DOC.001711vD",200,"Y",0.3,5.3,5.6,"L01",1.3,"ACPE","Acer pensylvanicum L.","1 - Fresh fallen","5-10cm","1"
"238","D07","MLBS","MLBS_065","2018-05-22T00:00:00.000Z",2018,"CDW.2018.MLBS","5","NEON.DOC.001711vD",200,"Y",1.25,4.9,2.8,"L02",1.7,"QURU","Quercus rubra L.","4 - Rotten throughout","2-5cm","4"
"239","D07","MLBS","MLBS_065","2018-05-22T00:00:00.000Z",2018,"CDW.2018.MLBS","5","NEON.DOC.001711vD",320,"Y",11.3,13.5,10,"00013",12.3,"SAAL5","Sassafras albidum (Nutt.) Nees","2 - Sound round",">=10cm","2"
"240","D07","MLBS","MLBS_065","2018-05-22T00:00:00.000Z",2018,"CDW.2018.MLBS","5","NEON.DOC.001711vD",80,"Y",3.45,7.4,7.2,"L01",3.85,"ACRU","Acer rubrum L.","3 - Heartwood sound","5-10cm","3"
"241","D07","MLBS","MLBS_065","2018-05-22T00:00:00.000Z",2018,"CDW.2018.MLBS","5","NEON.DOC.001711vD",80,"Y",6.6,12.3,13.3,"00011",7.8,"QURU","Quercus rubra L.","2 - Sound round",">=10cm","2"
"242","D07","MLBS","MLBS_065","2018-05-22T00:00:00.000Z",2018,"CDW.2018.MLBS","5","NEON.DOC.001711vD",80,"Y",6.95,9.9,8.8,"L04",2.6,"QURU","Quercus rubra L.","3 - Heartwood sound","5-10cm","3"
"243","D07","MLBS","MLBS_065","2018-05-22T00:00:00.000Z",2018,"CDW.2018.MLBS","5","NEON.DOC.001711vD",320,"Y",5.6,11.8,12.7,"00012",8.4,"QURU","Quercus rubra L.","3 - Heartwood sound",">=10cm","3"
"244","D07","MLBS","MLBS_065","2018-05-22T00:00:00.000Z",2018,"CDW.2018.MLBS","5","NEON.DOC.001711vD",320,"Y",13.5,18.1,17.9,"00014",9.4,"AMAR3","Amelanchier arborea (Michx. f.) Fernald","2 - Sound round",">=10cm","2"
"245","D07","MLBS","MLBS_065","2018-05-22T00:00:00.000Z",2018,"CDW.2018.MLBS","5","NEON.DOC.001711vD",320,"Y",19,22,20.8,"00015",14.2,"QURU","Quercus rubra L.","3 - Heartwood sound",">=10cm","3"
"246","D07","MLBS","MLBS_072","2018-05-22T00:00:00.000Z",2018,"CDW.2018.MLBS","5","NEON.DOC.001711vD",270,"Y",1.4,26.4,24.2,"00023",9.8,"QURU","Quercus rubra L.","2 - Sound round",">=10cm","2"
"247","D07","MLBS","MLBS_072","2018-05-22T00:00:00.000Z",2018,"CDW.2018.MLBS","5","NEON.DOC.001711vD",270,"Y",14.35,16.5,11.1,"00024",9.7,"QURU","Quercus rubra L.","3 - Heartwood sound",">=10cm","3"
"248","D07","MLBS","MLBS_072","2018-05-22T00:00:00.000Z",2018,"CDW.2018.MLBS","5","NEON.DOC.001711vD",270,"Y",14.35,19.9,11.6,"00024",9.7,"QURU","Quercus rubra L.","3 - Heartwood sound",">=10cm","3"
"249","D07","MLBS","MLBS_072","2018-05-22T00:00:00.000Z",2018,"CDW.2018.MLBS","5","NEON.DOC.001711vD",30,"Y",0.1,13.3,12.6,"00025",5.4,"QURU","Quercus rubra L.","3 - Heartwood sound",">=10cm","3"
"250","D07","MLBS","MLBS_072","2018-05-22T00:00:00.000Z",2018,"CDW.2018.MLBS","5","NEON.DOC.001711vD",30,"Y",0.7,12.6,11.7,"00026",9.9,"QURU","Quercus rubra L.","3 - Heartwood sound",">=10cm","3"
"251","D07","MLBS","MLBS_072","2018-05-22T00:00:00.000Z",2018,"CDW.2018.MLBS","5","NEON.DOC.001711vD",30,"Y",1.95,6.1,NA,"L01",1.35,"ACRU","Acer rubrum L.","3 - Heartwood sound","5-10cm","3"
"252","D07","MLBS","MLBS_072","2018-05-22T00:00:00.000Z",2018,"CDW.2018.MLBS","5","NEON.DOC.001711vD",30,"Y",2,5.2,NA,"L01",1.35,"ACRU","Acer rubrum L.","3 - Heartwood sound","5-10cm","3"
"253","D07","MLBS","MLBS_072","2018-05-22T00:00:00.000Z",2018,"CDW.2018.MLBS","5","NEON.DOC.001711vD",30,"Y",16.15,15.3,14.3,"00027",6.6,"ACRU","Acer rubrum L.","3 - Heartwood sound",">=10cm","3"
"254","D07","MLBS","MLBS_072","2018-05-22T00:00:00.000Z",2018,"CDW.2018.MLBS","5","NEON.DOC.001711vD",150,"Y",26.8,27.5,24,"00022",10,"ACRU","Acer rubrum L.","2 - Sound round",">=10cm","2"
"255","D07","MLBS","MLBS_072","2018-05-22T00:00:00.000Z",2018,"CDW.2018.MLBS","5","NEON.DOC.001711vD",150,"Y",48.8,27.6,29.7,"00028",6.1,"QURU","Quercus rubra L.","3 - Heartwood sound",">=10cm","3"
"256","D07","MLBS","MLBS_070","2018-05-22T00:00:00.000Z",2018,"CDW.2018.MLBS","5","NEON.DOC.001711vD",280,"Y",1.95,7,NA,"L02",1.9,"ACRU","Acer rubrum L.","2 - Sound round","5-10cm","2"
"257","D07","MLBS","MLBS_070","2018-05-22T00:00:00.000Z",2018,"CDW.2018.MLBS","5","NEON.DOC.001711vD",280,"Y",4.3,9.8,9.7,"L03",5.2,"ACRU","Acer rubrum L.","2 - Sound round","5-10cm","2"
"258","D07","MLBS","MLBS_070","2018-05-22T00:00:00.000Z",2018,"CDW.2018.MLBS","5","NEON.DOC.001711vD",280,"Y",6.85,10.7,9.7,"00029",7.7,"PIEC2","Pinus echinata Mill.","4 - Rotten throughout",">=10cm","4"
"259","D07","MLBS","MLBS_070","2018-05-22T00:00:00.000Z",2018,"CDW.2018.MLBS","5","NEON.DOC.001711vD",40,"Y",16.7,20,14.9,"00030",11.6,"QURU","Quercus rubra L.","3 - Heartwood sound",">=10cm","3"
"260","D07","MLBS","MLBS_070","2018-05-22T00:00:00.000Z",2018,"CDW.2018.MLBS","5","NEON.DOC.001711vD",160,"Y",3.2,8.7,NA,"L04",1.8,"PIEC2","Pinus echinata Mill.","2 - Sound round","5-10cm","2"
"261","D07","MLBS","MLBS_070","2018-05-22T00:00:00.000Z",2018,"CDW.2018.MLBS","5","NEON.DOC.001711vD",160,"Y",27,39.7,NA,"00031",14.4,"PIEC2","Pinus echinata Mill.","3 - Heartwood sound",">=10cm","3"
"262","D07","MLBS","MLBS_070","2018-05-22T00:00:00.000Z",2018,"CDW.2018.MLBS","5","NEON.DOC.001711vD",160,"Y",61.5,29,27.5,"00032",8.4,"PIEC2","Pinus echinata Mill.","3 - Heartwood sound",">=10cm","3"
