"","plotid_parent","domainid","siteid","tallydate","volumefactor_ingest","particle_count","lidsazimuth","logmaxdiameter","taxonid","decayclass","logid_ingest","logdistance","loglength","acceptedtaxonid","targettaxapresent","diameterClass","decayClassNum"
"1","ORNL_001","D07","ORNL","2017-05-18T00:00:00.000Z",5,NA,80,11.1,"PINUS","4 - Rotten throughout","90",6.7,16.3,"PINUS","Y",">=10cm","4"
"2","ORNL_001","D07","ORNL","2017-05-18T00:00:00.000Z",5,NA,320,17.3,"PINUS","5 - No structural integrity","95",3.95,2.9,"PINUS","Y",">=10cm","5"
"3","ORNL_001","D07","ORNL","2017-05-18T00:00:00.000Z",5,NA,320,16.2,"NYSY","3 - Heartwood sound","96",4.65,7.4,"NYSY","Y",">=10cm","3"
"4","ORNL_001","D07","ORNL","2017-05-18T00:00:00.000Z",5,NA,320,24,"PINUS","4 - Rotten throughout","97",20.8,13.6,"PINUS","Y",">=10cm","4"
"5","ORNL_001","D07","ORNL","2017-05-18T00:00:00.000Z",5,NA,320,19,"PINUS","4 - Rotten throughout","98",21.8,18,"PINUS","Y",">=10cm","4"
"6","ORNL_001","D07","ORNL","2017-05-18T00:00:00.000Z",5,NA,320,23.6,"PINUS","5 - No structural integrity","99",23,15.6,"PINUS","Y",">=10cm","5"
"7","ORNL_001","D07","ORNL","2017-05-18T00:00:00.000Z",5,NA,320,23.6,"PINUS","4 - Rotten throughout","179",44,14.8,"PINUS","Y",">=10cm","4"
"8","ORNL_001","D07","ORNL","2017-05-18T00:00:00.000Z",5,NA,80,25.1,"PINUS","4 - Rotten throughout","94",50,13.3,"PINUS","Y",">=10cm","4"
"9","ORNL_001","D07","ORNL","2017-05-18T00:00:00.000Z",5,NA,320,32,"PIEC2","4 - Rotten throughout","180",74.15,13.8,"PIEC2","Y",">=10cm","4"
"10","ORNL_001","D07","ORNL","2017-05-18T00:00:00.000Z",5,NA,80,27.4,"PINUS","4 - Rotten throughout","92",31.2,2.1,"PINUS","Y",">=10cm","4"
"11","ORNL_001","D07","ORNL","2017-05-18T00:00:00.000Z",5,NA,80,28.3,"PIEC2","4 - Rotten throughout","93",41.9,17.3,"PIEC2","Y",">=10cm","4"
"15","ORNL_001","D07","ORNL","2017-05-18T00:00:00.000Z",5,NA,200,33.2,"PINUS","4 - Rotten throughout","88",63.6,3.1,"PINUS","Y",">=10cm","4"
"16","ORNL_001","D07","ORNL","2017-05-18T00:00:00.000Z",5,NA,200,38.56,"PINUS","5 - No structural integrity","89",101.9,4,"PINUS","Y",">=10cm","5"
"18","ORNL_001","D07","ORNL","2017-05-18T00:00:00.000Z",5,NA,200,23.8,"PIEC2","4 - Rotten throughout","85",40.4,2.2,"PIEC2","Y",">=10cm","4"
"19","ORNL_001","D07","ORNL","2017-05-18T00:00:00.000Z",5,NA,80,15.3,"PINUS","4 - Rotten throughout","91",16.05,16.2,"PINUS","Y",">=10cm","4"
"21","ORNL_001","D07","ORNL","2017-05-18T00:00:00.000Z",5,NA,200,26.3,"PIEC2","5 - No structural integrity","86",42.2,16.1,"PIEC2","Y",">=10cm","5"
"22","ORNL_001","D07","ORNL","2017-05-18T00:00:00.000Z",5,NA,200,26.8,"PINUS","5 - No structural integrity","87",44.5,11.3,"PINUS","Y",">=10cm","5"
"24","ORNL_002","D07","ORNL","2017-05-25T00:00:00.000Z",5,NA,330,9.6,"QURU",NA,"L03",5,14.2,"QURU","Y","5-10cm",NA
"25","ORNL_002","D07","ORNL","2017-05-25T00:00:00.000Z",5,NA,330,9.8,"QURU",NA,"L03",5,14.2,"QURU","Y","5-10cm",NA
"26","ORNL_002","D07","ORNL","2017-05-25T00:00:00.000Z",5,NA,330,16.1,"QUERC","4 - Rotten throughout","302",8.35,5.65,"QUERC","Y",">=10cm","4"
"27","ORNL_002","D07","ORNL","2017-05-25T00:00:00.000Z",5,NA,330,59.8,"PINUS","5 - No structural integrity","303",55,6.7,"PINUS","Y",">=10cm","5"
"28","ORNL_002","D07","ORNL","2017-05-25T00:00:00.000Z",5,NA,330,38.8,"QUMO4","3 - Heartwood sound","304",79.15,20.8,"QUMO4","Y",">=10cm","3"
"29","ORNL_002","D07","ORNL","2017-05-25T00:00:00.000Z",5,NA,210,11.7,"OXAR","3 - Heartwood sound","305",9.6,8.5,"OXAR","Y",">=10cm","3"
"30","ORNL_002","D07","ORNL","2017-05-25T00:00:00.000Z",5,NA,90,14.6,"QUFA","4 - Rotten throughout","196",14.7,5.95,"QUFA","Y",">=10cm","4"
"31","ORNL_002","D07","ORNL","2017-05-25T00:00:00.000Z",5,NA,90,30.2,"PINUS","5 - No structural integrity","197",40.3,3.2,"PINUS","Y",">=10cm","5"
"32","ORNL_002","D07","ORNL","2017-05-25T00:00:00.000Z",5,NA,90,24.9,"PINUS","5 - No structural integrity","198",43.5,6.5,"PINUS","Y",">=10cm","5"
"33","ORNL_002","D07","ORNL","2017-05-25T00:00:00.000Z",5,NA,90,33.5,"QUERC","4 - Rotten throughout","199",46,5.7,"QUERC","Y",">=10cm","4"
"34","ORNL_002","D07","ORNL","2017-05-25T00:00:00.000Z",5,NA,90,39.6,"QURU","1 - Fresh fallen","200",103.6,19.9,"QURU","Y",">=10cm","1"
"35","ORNL_002","D07","ORNL","2017-05-25T00:00:00.000Z",5,NA,90,47.5,"ACSA3","2 - Sound round","301",133.8,5.8,"ACSA3","Y",">=10cm","2"
"36","ORNL_002","D07","ORNL","2017-05-25T00:00:00.000Z",5,NA,330,2.6,"ACSA3",NA,"L01",0.35,2,"ACSA3","Y","2-5cm",NA
"37","ORNL_002","D07","ORNL","2017-05-25T00:00:00.000Z",5,NA,330,6.8,"ACSA3",NA,"L02",2.5,1.5,"ACSA3","Y","5-10cm",NA
"38","ORNL_003","D07","ORNL","2017-05-18T00:00:00.000Z",5,NA,50,16.6,"QUAL","3 - Heartwood sound","201",3.8,25.5,"QUAL","Y",">=10cm","3"
"39","ORNL_003","D07","ORNL","2017-05-18T00:00:00.000Z",5,NA,50,19.5,"QUAL","3 - Heartwood sound","201",5.5,25.5,"QUAL","Y",">=10cm","3"
"40","ORNL_003","D07","ORNL","2017-05-18T00:00:00.000Z",5,NA,50,40,"QURU","2 - Sound round","205",20.1,20.5,"QURU","Y",">=10cm","2"
"41","ORNL_003","D07","ORNL","2017-05-18T00:00:00.000Z",5,NA,50,20.5,"QUAL","3 - Heartwood sound","206",32.3,22.5,"QUAL","Y",">=10cm","3"
"42","ORNL_003","D07","ORNL","2017-05-18T00:00:00.000Z",5,NA,50,14.8,"QUERC","4 - Rotten throughout","203",9.1,1.9,"QUERC","Y",">=10cm","4"
"43","ORNL_003","D07","ORNL","2017-05-18T00:00:00.000Z",5,NA,50,19,"QUERC","4 - Rotten throughout","204",10.5,11.7,"QUERC","Y",">=10cm","4"
"44","ORNL_003","D07","ORNL","2017-05-18T00:00:00.000Z",5,NA,170,29.2,"PINUS","4 - Rotten throughout","212",20.4,5.7,"PINUS","Y",">=10cm","4"
"45","ORNL_003","D07","ORNL","2017-05-18T00:00:00.000Z",5,NA,170,27,"PINUS","4 - Rotten throughout","213",21.4,15.5,"PINUS","Y",">=10cm","4"
"46","ORNL_003","D07","ORNL","2017-05-18T00:00:00.000Z",5,NA,170,28,"PINUS","4 - Rotten throughout","214",22.3,6.7,"PINUS","Y",">=10cm","4"
"47","ORNL_003","D07","ORNL","2017-05-18T00:00:00.000Z",5,NA,170,27.2,"PINUS","5 - No structural integrity","215",28.8,2.1,"PINUS","Y",">=10cm","5"
"48","ORNL_003","D07","ORNL","2017-05-18T00:00:00.000Z",5,NA,170,33.2,"PINUS","5 - No structural integrity","216",216,12.8,"PINUS","Y",">=10cm","5"
"49","ORNL_003","D07","ORNL","2017-05-18T00:00:00.000Z",5,NA,170,20.2,"QUERC","4 - Rotten throughout","217",33.5,2.3,"QUERC","Y",">=10cm","4"
"50","ORNL_003","D07","ORNL","2017-05-18T00:00:00.000Z",5,NA,290,12.5,"QUERC","2 - Sound round","218",1,5,"QUERC","Y",">=10cm","2"
"51","ORNL_003","D07","ORNL","2017-05-18T00:00:00.000Z",5,NA,290,64,"QUAL","2 - Sound round","219",11.6,26.5,"QUAL","Y",">=10cm","2"
"52","ORNL_003","D07","ORNL","2017-05-18T00:00:00.000Z",5,NA,50,27,"QUFA","3 - Heartwood sound","207",33,5.3,"QUFA","Y",">=10cm","3"
"53","ORNL_003","D07","ORNL","2017-05-18T00:00:00.000Z",5,NA,50,20,"QUAL","3 - Heartwood sound","201",1.1,25.5,"QUAL","Y",">=10cm","3"
"54","ORNL_003","D07","ORNL","2017-05-18T00:00:00.000Z",5,NA,50,17.5,"QUAL","3 - Heartwood sound","201",2.4,25.5,"QUAL","Y",">=10cm","3"
"55","ORNL_003","D07","ORNL","2017-05-18T00:00:00.000Z",5,NA,50,17.3,"ACRU","3 - Heartwood sound","202",2.6,11.7,"ACRU","Y",">=10cm","3"
"56","ORNL_003","D07","ORNL","2017-05-18T00:00:00.000Z",5,NA,50,20,"QUAL","3 - Heartwood sound","201",3.45,25.5,"QUAL","Y",">=10cm","3"
"57","ORNL_003","D07","ORNL","2017-05-18T00:00:00.000Z",5,NA,50,16.5,"QUAL","3 - Heartwood sound","201",3.65,25.5,"QUAL","Y",">=10cm","3"
"58","ORNL_003","D07","ORNL","2017-05-18T00:00:00.000Z",5,NA,170,15,"CARYA","4 - Rotten throughout","211",17.6,7.7,"CARYA","Y",">=10cm","4"
"59","ORNL_003","D07","ORNL","2017-05-18T00:00:00.000Z",5,NA,50,36,"NYSY","3 - Heartwood sound","208",35,19.7,"NYSY","Y",">=10cm","3"
"60","ORNL_003","D07","ORNL","2017-05-18T00:00:00.000Z",5,NA,50,38.9,"CARYA","2 - Sound round","209",59.5,31.1,"CARYA","Y",">=10cm","2"
"61","ORNL_003","D07","ORNL","2017-05-18T00:00:00.000Z",5,NA,290,38.6,"PINUS","4 - Rotten throughout","220",53.8,10.3,"PINUS","Y",">=10cm","4"
"62","ORNL_003","D07","ORNL","2017-05-18T00:00:00.000Z",5,NA,170,45.5,"PINUS","4 - Rotten throughout","210",11.5,13.3,"PINUS","Y",">=10cm","4"
"63","ORNL_003","D07","ORNL","2017-05-18T00:00:00.000Z",5,NA,290,38,"PINUS","4 - Rotten throughout","221",78.8,18.1,"PINUS","Y",">=10cm","4"
"64","ORNL_003","D07","ORNL","2017-05-18T00:00:00.000Z",5,NA,290,62,"QUVE","3 - Heartwood sound","222",160,26.8,"QUVE","Y",">=10cm","3"
"65","ORNL_003","D07","ORNL","2017-05-18T00:00:00.000Z",5,NA,170,6,"QUAL","3 - Heartwood sound","L01",2.2,2.8,"QUAL","Y","5-10cm","3"
"66","ORNL_004","D07","ORNL","2017-05-23T00:00:00.000Z",5,NA,140,8.9,"QUERC","3 - Heartwood sound","L01",3.1,1.6,"QUERC","Y","5-10cm","3"
"67","ORNL_004","D07","ORNL","2017-05-23T00:00:00.000Z",5,NA,140,10.2,"QUAL","2 - Sound round","225",4.6,1.6,"QUAL","Y",">=10cm","2"
"68","ORNL_004","D07","ORNL","2017-05-23T00:00:00.000Z",5,NA,20,68.5,"QUERC","3 - Heartwood sound","223",212.1,23.4,"QUERC","Y",">=10cm","3"
"69","ORNL_004","D07","ORNL","2017-05-23T00:00:00.000Z",5,NA,140,17.5,"QUERC","3 - Heartwood sound","224",1,15.2,"QUERC","Y",">=10cm","3"
"70","ORNL_004","D07","ORNL","2017-05-23T00:00:00.000Z",5,NA,260,35.5,"QUCO2","3 - Heartwood sound","226",58.8,3.4,"QUCO2","Y",">=10cm","3"
"71","ORNL_006","D07","ORNL","2017-05-24T00:00:00.000Z",5,NA,310,17,"LITU","4 - Rotten throughout","235",2,8.4,"LITU","Y",">=10cm","4"
"72","ORNL_006","D07","ORNL","2017-05-24T00:00:00.000Z",5,NA,310,14.5,"LITU","4 - Rotten throughout","236",2.1,4.6,"LITU","Y",">=10cm","4"
"74","ORNL_006","D07","ORNL","2017-05-24T00:00:00.000Z",5,NA,70,45,"QUAL","4 - Rotten throughout","233",167.3,25.1,"QUAL","Y",">=10cm","4"
"75","ORNL_006","D07","ORNL","2017-05-24T00:00:00.000Z",5,NA,70,58,"QUAL","3 - Heartwood sound","234",169.8,28.5,"QUAL","Y",">=10cm","3"
"76","ORNL_006","D07","ORNL","2017-05-24T00:00:00.000Z",5,NA,190,24.5,"ACRU","4 - Rotten throughout","238",47.9,7.8,"ACRU","Y",">=10cm","4"
"77","ORNL_007","D07","ORNL","2017-05-25T00:00:00.000Z",5,NA,320,47.6,"LITU","3 - Heartwood sound","242",19.35,21.65,"LITU","Y",">=10cm","3"
"78","ORNL_007","D07","ORNL","2017-05-25T00:00:00.000Z",5,NA,320,20.9,"PINUS","4 - Rotten throughout","243",33.6,9.8,"PINUS","Y",">=10cm","4"
"82","ORNL_007","D07","ORNL","2017-05-25T00:00:00.000Z",5,NA,200,30,"PINUS","4 - Rotten throughout","239",57,9.6,"PINUS","Y",">=10cm","4"
"84","ORNL_007","D07","ORNL","2017-05-25T00:00:00.000Z",5,NA,80,44,"PINUS","4 - Rotten throughout","241",94.4,12.1,"PINUS","Y",">=10cm","4"
"85","ORNL_007","D07","ORNL","2017-05-25T00:00:00.000Z",5,NA,80,28.5,"PIST","3 - Heartwood sound","240",20.3,20.7,"PIST","Y",">=10cm","3"
"86","ORNL_008","D07","ORNL","2017-06-01T00:00:00.000Z",5,NA,200,10.5,"QUMO4","1 - Fresh fallen","272",9.7,28.7,"QUMO4","Y",">=10cm","1"
"87","ORNL_008","D07","ORNL","2017-06-01T00:00:00.000Z",5,NA,200,11.5,"QUMO4","1 - Fresh fallen","272",8.5,28.7,"QUMO4","Y",">=10cm","1"
"88","ORNL_008","D07","ORNL","2017-06-01T00:00:00.000Z",5,NA,200,12.8,"QUMO4","1 - Fresh fallen","272",8.5,28.7,"QUMO4","Y",">=10cm","1"
"89","ORNL_008","D07","ORNL","2017-06-01T00:00:00.000Z",5,NA,200,12.8,"QUMO4","1 - Fresh fallen","272",10.4,28.7,"QUMO4","Y",">=10cm","1"
"90","ORNL_008","D07","ORNL","2017-06-01T00:00:00.000Z",5,NA,200,18,"QUMO4","1 - Fresh fallen","272",9.1,28.7,"QUMO4","Y",">=10cm","1"
"91","ORNL_008","D07","ORNL","2017-06-01T00:00:00.000Z",5,NA,200,13.9,"QUMO4","1 - Fresh fallen","272",7.9,28.7,"QUMO4","Y",">=10cm","1"
"92","ORNL_008","D07","ORNL","2017-06-01T00:00:00.000Z",5,NA,200,13,"QUMO4","3 - Heartwood sound","271",8,5.35,"QUMO4","Y",">=10cm","3"
"93","ORNL_008","D07","ORNL","2017-06-01T00:00:00.000Z",5,NA,320,30,"ACRU","4 - Rotten throughout","274",69.5,6.8,"ACRU","Y",">=10cm","4"
"94","ORNL_008","D07","ORNL","2017-06-01T00:00:00.000Z",5,NA,320,13,"QUERC","4 - Rotten throughout","273",9.4,3.5,"QUERC","Y",">=10cm","4"
"95","ORNL_008","D07","ORNL","2017-06-01T00:00:00.000Z",5,NA,200,13.5,"QUMO4","1 - Fresh fallen","272",11.1,28.7,"QUMO4","Y",">=10cm","1"
"96","ORNL_008","D07","ORNL","2017-06-01T00:00:00.000Z",5,NA,200,20.1,"2PLANT-H","4 - Rotten throughout","270",2.4,11.9,"2PLANT-H","Y",">=10cm","4"
"97","ORNL_008","D07","ORNL","2017-06-01T00:00:00.000Z",5,NA,200,9.5,"QUERC","1 - Fresh fallen","L01",0.4,5.05,"QUERC","Y","5-10cm","1"
"98","ORNL_009","D07","ORNL","2017-05-26T00:00:00.000Z",5,NA,250,63.2,"QURU","4 - Rotten throughout","265",173.5,27.8,"QURU","Y",">=10cm","4"
"100","ORNL_009","D07","ORNL","2017-05-26T00:00:00.000Z",5,NA,250,38.5,"QUERC","4 - Rotten throughout","264",85,2,"QUERC","Y",">=10cm","4"
"101","ORNL_009","D07","ORNL","2017-05-26T00:00:00.000Z",5,NA,10,14.4,"QUMO4","3 - Heartwood sound","255",16.85,7.5,"QUMO4","Y",">=10cm","3"
"103","ORNL_009","D07","ORNL","2017-05-26T00:00:00.000Z",5,NA,250,34.5,"CARYA","3 - Heartwood sound","268",82.7,24.2,"CARYA","Y",">=10cm","3"
"105","ORNL_009","D07","ORNL","2017-05-26T00:00:00.000Z",5,NA,250,67,"QUERC","4 - Rotten throughout","262",44,4.6,"QUERC","Y",">=10cm","4"
"106","ORNL_009","D07","ORNL","2017-05-26T00:00:00.000Z",5,NA,130,36.5,"QUVE","3 - Heartwood sound","266",15.3,2.6,"QUVE","Y",">=10cm","3"
"108","ORNL_009","D07","ORNL","2017-05-26T00:00:00.000Z",5,NA,130,19.8,"QUVE","3 - Heartwood sound","267",27.4,15,"QUVE","Y",">=10cm","3"
"109","ORNL_009","D07","ORNL","2017-05-26T00:00:00.000Z",5,NA,10,38.7,"QUMO4","3 - Heartwood sound","253",8.7,17.9,"QUMO4","Y",">=10cm","3"
"111","ORNL_009","D07","ORNL","2017-05-26T00:00:00.000Z",5,NA,10,38.2,"QUMO4","3 - Heartwood sound","257",58.45,16.8,"QUMO4","Y",">=10cm","3"
"112","ORNL_009","D07","ORNL","2017-05-26T00:00:00.000Z",5,NA,10,24.7,"QUAL","1 - Fresh fallen","259",107.2,14.2,"QUAL","Y",">=10cm","1"
"113","ORNL_009","D07","ORNL","2017-05-26T00:00:00.000Z",5,NA,10,31.9,"QUMO4","2 - Sound round","299",4.9,13.2,"QUMO4","Y",">=10cm","2"
"116","ORNL_009","D07","ORNL","2017-05-26T00:00:00.000Z",5,NA,10,37.2,"QUERC","4 - Rotten throughout","256",42.35,3.8,"QUERC","Y",">=10cm","4"
"118","ORNL_009","D07","ORNL","2017-05-26T00:00:00.000Z",5,NA,10,32,"QUMO4","3 - Heartwood sound","251",6.45,18.8,"QUMO4","Y",">=10cm","3"
"119","ORNL_009","D07","ORNL","2017-05-26T00:00:00.000Z",5,NA,10,12.4,"QUAL","1 - Fresh fallen","259",106.4,14.2,"QUAL","Y",">=10cm","1"
"120","ORNL_009","D07","ORNL","2017-05-26T00:00:00.000Z",5,NA,10,15.5,"QUAL","1 - Fresh fallen","259",106.7,14.2,"QUAL","Y",">=10cm","1"
"121","ORNL_009","D07","ORNL","2017-05-26T00:00:00.000Z",5,NA,10,23,"QUMO4","3 - Heartwood sound","252",84.7,20,"QUMO4","Y",">=10cm","3"
"123","ORNL_009","D07","ORNL","2017-05-26T00:00:00.000Z",5,NA,10,23.5,"QUMO4","3 - Heartwood sound","254",9.7,11.9,"QUMO4","Y",">=10cm","3"
"125","ORNL_009","D07","ORNL","2017-05-26T00:00:00.000Z",5,NA,10,24,"QUMO4","3 - Heartwood sound","298",4,10.6,"QUMO4","Y",">=10cm","3"
"126","ORNL_009","D07","ORNL","2017-05-26T00:00:00.000Z",5,NA,10,16.4,"QUAL","1 - Fresh fallen","259",106.1,14.2,"QUAL","Y",">=10cm","1"
"127","ORNL_009","D07","ORNL","2017-05-26T00:00:00.000Z",5,NA,250,30.2,"QUERC","3 - Heartwood sound","263",62.7,11.2,"QUERC","Y",">=10cm","3"
"128","ORNL_009","D07","ORNL","2017-05-26T00:00:00.000Z",5,NA,10,34,"QURU","1 - Fresh fallen","258",82.5,14,"QURU","Y",">=10cm","1"
"129","ORNL_009","D07","ORNL","2017-05-26T00:00:00.000Z",5,NA,10,60.2,"2PLANT-S","5 - No structural integrity","260",149.2,3.1,"2PLANT-S","Y",">=10cm","5"
"130","ORNL_009","D07","ORNL","2017-05-26T00:00:00.000Z",5,NA,10,22.5,"QUMO4","3 - Heartwood sound","252",89.5,20,"QUMO4","Y",">=10cm","3"
"132","ORNL_009","D07","ORNL","2017-05-26T00:00:00.000Z",5,NA,250,18.1,"QUMO4","2 - Sound round","261",17.1,8.7,"QUMO4","Y",">=10cm","2"
"134","ORNL_009","D07","ORNL","2017-05-26T00:00:00.000Z",5,NA,10,12.5,"QUMO4","3 - Heartwood sound","252",84.2,20,"QUMO4","Y",">=10cm","3"
"135","ORNL_010","D07","ORNL","2017-05-31T00:00:00.000Z",5,NA,200,45,"PINUS","4 - Rotten throughout","325",0.8,9,"PINUS","Y",">=10cm","4"
"136","ORNL_010","D07","ORNL","2017-05-31T00:00:00.000Z",5,NA,320,31.9,"PINUS","5 - No structural integrity","319",48.4,6.5,"PINUS","Y",">=10cm","5"
"137","ORNL_010","D07","ORNL","2017-05-31T00:00:00.000Z",5,NA,320,31,"PINUS","4 - Rotten throughout","320",60.6,18.2,"PINUS","Y",">=10cm","4"
"138","ORNL_010","D07","ORNL","2017-05-31T00:00:00.000Z",5,NA,320,33.1,"PINUS","5 - No structural integrity","321",74,1.6,"PINUS","Y",">=10cm","5"
"139","ORNL_010","D07","ORNL","2017-05-31T00:00:00.000Z",5,NA,320,51.1,"PINUS","5 - No structural integrity","322",123.4,10.9,"PINUS","Y",">=10cm","5"
"140","ORNL_010","D07","ORNL","2017-05-31T00:00:00.000Z",5,NA,80,22.9,"PINUS","5 - No structural integrity","323",22.9,10.4,"PINUS","Y",">=10cm","5"
"141","ORNL_010","D07","ORNL","2017-05-31T00:00:00.000Z",5,NA,80,35.4,"PINUS","4 - Rotten throughout","324",101.5,9.45,"PINUS","Y",">=10cm","4"
"142","ORNL_010","D07","ORNL","2017-05-31T00:00:00.000Z",5,NA,200,38.5,"PINUS","5 - No structural integrity","326",7.65,2.4,"PINUS","Y",">=10cm","5"
"143","ORNL_010","D07","ORNL","2017-05-31T00:00:00.000Z",5,NA,320,35,"PINUS","5 - No structural integrity","313",4.5,13.3,"PINUS","Y",">=10cm","5"
"144","ORNL_010","D07","ORNL","2017-05-31T00:00:00.000Z",5,NA,320,15.4,"PINUS","5 - No structural integrity","314",7.5,4.3,"PINUS","Y",">=10cm","5"
"145","ORNL_010","D07","ORNL","2017-05-31T00:00:00.000Z",5,NA,320,39.6,"PINUS","5 - No structural integrity","315",23.9,7.9,"PINUS","Y",">=10cm","5"
"146","ORNL_010","D07","ORNL","2017-05-31T00:00:00.000Z",5,NA,320,22.6,"PINUS","4 - Rotten throughout","316",24.2,16,"PINUS","Y",">=10cm","4"
"147","ORNL_010","D07","ORNL","2017-05-31T00:00:00.000Z",5,NA,320,27.9,"PINUS","4 - Rotten throughout","317",33.2,18.1,"PINUS","Y",">=10cm","4"
"148","ORNL_010","D07","ORNL","2017-05-31T00:00:00.000Z",5,NA,320,27.8,"PINUS","5 - No structural integrity","318",35.35,13.3,"PINUS","Y",">=10cm","5"
"149","ORNL_010","D07","ORNL","2017-05-31T00:00:00.000Z",5,NA,200,27.3,"PINUS","4 - Rotten throughout","269",50.5,15.4,"PINUS","Y",">=10cm","4"
"150","ORNL_010","D07","ORNL","2017-05-31T00:00:00.000Z",5,NA,80,29.7,"PINUS","4 - Rotten throughout","329",31.3,19.2,"PINUS","Y",">=10cm","4"
"151","ORNL_010","D07","ORNL","2017-05-31T00:00:00.000Z",5,NA,200,34.6,"PINUS","4 - Rotten throughout","330",36.7,20.4,"PINUS","Y",">=10cm","4"
"152","ORNL_010","D07","ORNL","2017-05-31T00:00:00.000Z",5,NA,200,30.4,"PINUS","4 - Rotten throughout","327",22.2,4.45,"PINUS","Y",">=10cm","4"
"153","ORNL_010","D07","ORNL","2017-05-31T00:00:00.000Z",5,NA,80,24.6,"PINUS","5 - No structural integrity","328",30.9,7.7,"PINUS","Y",">=10cm","5"
"154","ORNL_010","D07","ORNL","2017-05-31T00:00:00.000Z",5,NA,200,45.8,"PINUS","5 - No structural integrity","331",39.3,6.7,"PINUS","Y",">=10cm","5"
"155","ORNL_010","D07","ORNL","2017-05-31T00:00:00.000Z",5,NA,200,24,"PINUS","3 - Heartwood sound","332",46.75,16.8,"PINUS","Y",">=10cm","3"
"156","ORNL_012","D07","ORNL","2017-05-26T00:00:00.000Z",5,NA,10,46.5,"QURU","3 - Heartwood sound","246",73.55,14.9,"QURU","Y",">=10cm","3"
"157","ORNL_012","D07","ORNL","2017-05-26T00:00:00.000Z",5,NA,250,12.6,"ACSA3","3 - Heartwood sound","249",13.1,10.1,"ACSA3","Y",">=10cm","3"
"158","ORNL_012","D07","ORNL","2017-05-26T00:00:00.000Z",5,NA,130,2.5,"2PLANT-H","2 - Sound round","L01",0.1,2.3,"2PLANT-H","Y","2-5cm","2"
"159","ORNL_012","D07","ORNL","2017-05-26T00:00:00.000Z",5,NA,130,20.4,"QURU","4 - Rotten throughout","248",6.2,1.4,"QURU","Y",">=10cm","4"
"160","ORNL_012","D07","ORNL","2017-05-26T00:00:00.000Z",5,NA,250,55,"FAGR","2 - Sound round","250",119,40,"FAGR","Y",">=10cm","2"
"161","ORNL_012","D07","ORNL","2017-05-26T00:00:00.000Z",5,NA,10,33.5,"QURU","3 - Heartwood sound","247",92.1,10.5,"QURU","Y",">=10cm","3"
"162","ORNL_014","D07","ORNL","2017-05-25T00:00:00.000Z",5,NA,300,36.5,"PIEC2","4 - Rotten throughout","244",82.9,18.3,"PIEC2","Y",">=10cm","4"
"163","ORNL_014","D07","ORNL","2017-05-25T00:00:00.000Z",5,NA,180,35,"PINUS","5 - No structural integrity","246",34.4,3.5,"PINUS","Y",">=10cm","5"
"164","ORNL_014","D07","ORNL","2017-05-25T00:00:00.000Z",5,NA,60,5,"ACRU","2 - Sound round","L01",1.1,1.2,"ACRU","Y","5-10cm","2"
"165","ORNL_027","D07","ORNL","2017-05-23T00:00:00.000Z",5,NA,260,14.5,"PINUS","3 - Heartwood sound","229",0.8,2.9,"PINUS","Y",">=10cm","3"
"166","ORNL_027","D07","ORNL","2017-05-23T00:00:00.000Z",5,NA,140,20.5,"PINUS","3 - Heartwood sound","300",46,18.6,"PINUS","Y",">=10cm","3"
"167","ORNL_027","D07","ORNL","2017-05-23T00:00:00.000Z",5,NA,140,14.2,"PINUS","3 - Heartwood sound","300",47.5,18.6,"PINUS","Y",">=10cm","3"
"168","ORNL_027","D07","ORNL","2017-05-23T00:00:00.000Z",5,NA,140,12.2,"PINUS","4 - Rotten throughout","231",1.6,2.7,"PINUS","Y",">=10cm","4"
"169","ORNL_027","D07","ORNL","2017-05-23T00:00:00.000Z",5,NA,260,9.3,"PIST","4 - Rotten throughout","L01",1.5,6,"PIST","Y","5-10cm","4"
"170","ORNL_029","D07","ORNL","2017-05-19T00:00:00.000Z",5,NA,210,19.8,"QUMO4","1 - Fresh fallen","192",19.28,10.8,"QUMO4","Y",">=10cm","1"
"171","ORNL_029","D07","ORNL","2017-05-19T00:00:00.000Z",5,NA,90,24.58,"PINUS","3 - Heartwood sound","188",35.6,14.2,"PINUS","Y",">=10cm","3"
"172","ORNL_029","D07","ORNL","2017-05-19T00:00:00.000Z",5,NA,90,19.1,"JUVIV","4 - Rotten throughout","186",29.45,3.3,"JUVIV","Y",">=10cm","4"
"173","ORNL_029","D07","ORNL","2017-05-19T00:00:00.000Z",5,NA,90,7,"CECA4",NA,"L02",3.5,3.4,"CECA4","Y","5-10cm",NA
"174","ORNL_029","D07","ORNL","2017-05-19T00:00:00.000Z",5,NA,90,17.4,"PINUS","4 - Rotten throughout","185",0.2,6.6,"PINUS","Y",">=10cm","4"
"175","ORNL_029","D07","ORNL","2017-05-19T00:00:00.000Z",5,NA,210,29,"PINUS","3 - Heartwood sound","194",28.1,10.3,"PINUS","Y",">=10cm","3"
"176","ORNL_029","D07","ORNL","2017-05-19T00:00:00.000Z",5,NA,330,10.1,"PINUS","3 - Heartwood sound","181",1.75,5.9,"PINUS","Y",">=10cm","3"
"177","ORNL_029","D07","ORNL","2017-05-19T00:00:00.000Z",5,NA,210,29,"PINUS","3 - Heartwood sound","193",61.1,18.4,"PINUS","Y",">=10cm","3"
"178","ORNL_029","D07","ORNL","2017-05-19T00:00:00.000Z",5,NA,90,49,"FRPE","2 - Sound round","189",126.5,2.3,"FRPE","Y",">=10cm","2"
"179","ORNL_029","D07","ORNL","2017-05-19T00:00:00.000Z",5,NA,210,23,"PINUS","5 - No structural integrity","190",9.8,5,"PINUS","Y",">=10cm","5"
"180","ORNL_029","D07","ORNL","2017-05-19T00:00:00.000Z",5,NA,90,19.9,"PINUS","3 - Heartwood sound","187",31.5,11.2,"PINUS","Y",">=10cm","3"
"181","ORNL_029","D07","ORNL","2017-05-19T00:00:00.000Z",5,NA,330,24.1,"PINUS","5 - No structural integrity","182",36.7,2.2,"PINUS","Y",">=10cm","5"
"182","ORNL_029","D07","ORNL","2017-05-19T00:00:00.000Z",5,NA,330,27.6,"PIVI2","2 - Sound round","183",39,14.8,"PIVI2","Y",">=10cm","2"
"183","ORNL_029","D07","ORNL","2017-05-19T00:00:00.000Z",5,NA,330,29.2,"PINUS","5 - No structural integrity","184",45.1,11.1,"PINUS","Y",">=10cm","5"
"184","ORNL_032","D07","ORNL","2017-05-18T00:00:00.000Z",5,NA,90,5.4,"PITA","3 - Heartwood sound","L04",0.6,6.7,"PITA","Y","5-10cm","3"
"185","ORNL_032","D07","ORNL","2017-05-18T00:00:00.000Z",5,NA,210,5.7,"PITA","3 - Heartwood sound","L03",2.1,4.7,"PITA","Y","5-10cm","3"
"186","ORNL_032","D07","ORNL","2017-05-18T00:00:00.000Z",5,NA,330,17,"PINUS","5 - No structural integrity","308",12.45,4,"PINUS","Y",">=10cm","5"
"187","ORNL_032","D07","ORNL","2017-05-18T00:00:00.000Z",5,NA,90,12.2,"PINUS","4 - Rotten throughout","309",4.25,1.95,"PINUS","Y",">=10cm","4"
"188","ORNL_032","D07","ORNL","2017-05-18T00:00:00.000Z",5,NA,90,59.1,"PINUS","4 - Rotten throughout","312",254.6,12.4,"PINUS","Y",">=10cm","4"
"189","ORNL_032","D07","ORNL","2017-05-18T00:00:00.000Z",5,NA,210,5,"PITA","2 - Sound round","L01",0.25,4.85,"PITA","Y","5-10cm","2"
"190","ORNL_032","D07","ORNL","2017-05-18T00:00:00.000Z",5,NA,90,32,"PINUS","5 - No structural integrity","310",16.2,2.6,"PINUS","Y",">=10cm","5"
"191","ORNL_032","D07","ORNL","2017-05-18T00:00:00.000Z",5,NA,210,4.2,"PITA","2 - Sound round","L02",0.55,4.4,"PITA","Y","2-5cm","2"
"193","ORNL_035","D07","ORNL","2017-05-18T00:00:00.000Z",5,NA,220,18.3,"PINUS","3 - Heartwood sound","306",19.6,8,"PINUS","Y",">=10cm","3"
"194","ORNL_035","D07","ORNL","2017-05-18T00:00:00.000Z",5,NA,340,4.5,"PINUS","2 - Sound round","L01",0.8,3.6,"PINUS","Y","2-5cm","2"
"197","ORNL_036","D07","ORNL","2019-05-28T00:00:00.000Z",5,"7 particles tallied",140,26.6,"QUMO4","4 - Rotten throughout","00342",56.4,10.3,"QUMO4","Y",">=10cm","4"
"199","ORNL_036","D07","ORNL","2019-05-28T00:00:00.000Z",5,"7 particles tallied",260,6.5,"OXAR","3 - Heartwood sound","L01",3,1.8,"OXAR","Y","5-10cm","3"
"201","ORNL_036","D07","ORNL","2019-05-28T00:00:00.000Z",5,"7 particles tallied",140,12.5,"OXAR","4 - Rotten throughout","00124",7.4,7.3,"OXAR","Y",">=10cm","4"
"202","ORNL_036","D07","ORNL","2019-05-28T00:00:00.000Z",5,"7 particles tallied",140,20.3,"QUMO4","3 - Heartwood sound","00125",16.8,13.2,"QUMO4","Y",">=10cm","3"
"209","ORNL_036","D07","ORNL","2019-05-28T00:00:00.000Z",5,"7 particles tallied",260,43,"QUERC","5 - No structural integrity","00341",40.5,9.2,"QUERC","Y",">=10cm","5"
"210","ORNL_036","D07","ORNL","2019-05-28T00:00:00.000Z",5,"7 particles tallied",140,5,"OXAR","4 - Rotten throughout","L02",0.4,4.1,"OXAR","Y","5-10cm","4"
"213","ORNL_037","D07","ORNL","2019-06-03T00:00:00.000Z",5,"7 particles tallied",60,23.8,"QUMO4","3 - Heartwood sound","00367",58.7,23.5,"QUMO4","Y",">=10cm","3"
"217","ORNL_037","D07","ORNL","2019-06-03T00:00:00.000Z",5,"7 particles tallied",180,47.5,"QUAL","3 - Heartwood sound","00164",45,17.5,"QUAL","Y",">=10cm","3"
"220","ORNL_037","D07","ORNL","2019-06-03T00:00:00.000Z",5,"7 particles tallied",60,19.2,"QURU","4 - Rotten throughout","00366",50.2,17.2,"QURU","Y",">=10cm","4"
"221","ORNL_037","D07","ORNL","2019-06-03T00:00:00.000Z",5,"7 particles tallied",300,34,"PIST","4 - Rotten throughout","00365",93.1,4.8,"PIST","Y",">=10cm","4"
"222","ORNL_037","D07","ORNL","2019-06-03T00:00:00.000Z",5,"7 particles tallied",60,15.5,"QURU","4 - Rotten throughout","00366",50.2,17.2,"QURU","Y",">=10cm","4"
"223","ORNL_037","D07","ORNL","2019-06-03T00:00:00.000Z",5,"7 particles tallied",60,29.5,"QUMO4","3 - Heartwood sound","00163",33.1,19.8,"QUMO4","Y",">=10cm","3"
"224","ORNL_037","D07","ORNL","2019-06-03T00:00:00.000Z",5,"7 particles tallied",60,19.1,"QUMO4","3 - Heartwood sound","00367",58.7,23.5,"QUMO4","Y",">=10cm","3"
"227","ORNL_043","D07","ORNL","2019-06-06T00:00:00.000Z",5,"8 particles tallied",20,21.5,"QUMO4","3 - Heartwood sound","00025",23.3,20.9,"QUMO4","Y",">=10cm","3"
"228","ORNL_043","D07","ORNL","2019-06-06T00:00:00.000Z",5,"8 particles tallied",140,14.5,"OXAR","3 - Heartwood sound","00386",7.9,6.6,"OXAR","Y",">=10cm","3"
"229","ORNL_043","D07","ORNL","2019-06-06T00:00:00.000Z",5,"8 particles tallied",260,46.2,"QUAL","4 - Rotten throughout","00024",69.2,18.7,"QUAL","Y",">=10cm","4"
"231","ORNL_043","D07","ORNL","2019-06-06T00:00:00.000Z",5,"8 particles tallied",260,24.5,"SAAL5","2 - Sound round","00020",15.6,17.25,"SAAL5","Y",">=10cm","2"
"234","ORNL_043","D07","ORNL","2019-06-06T00:00:00.000Z",5,"8 particles tallied",20,20.6,"QUMO4","3 - Heartwood sound","00025",23.3,20.9,"QUMO4","Y",">=10cm","3"
"235","ORNL_043","D07","ORNL","2019-06-06T00:00:00.000Z",5,"8 particles tallied",140,14.9,"ACRU","2 - Sound round","00385",6.9,10.6,"ACRU","Y",">=10cm","2"
"242","ORNL_043","D07","ORNL","2019-06-06T00:00:00.000Z",5,"8 particles tallied",260,19.1,"QUMO4","4 - Rotten throughout","00019",0,3.3,"QUMO4","Y",">=10cm","4"
"244","ORNL_043","D07","ORNL","2019-06-06T00:00:00.000Z",5,"8 particles tallied",140,8.3,"QUAL","3 - Heartwood sound","L01",4.4,2.1,"QUAL","Y","5-10cm","3"
"248","ORNL_045","D07","ORNL","2019-05-21T00:00:00.000Z",5,"8 particles tallied",330,26.7,"QUMO4","3 - Heartwood sound","00004",16.7,15.7,"QUMO4","Y",">=10cm","3"
"249","ORNL_045","D07","ORNL","2019-05-21T00:00:00.000Z",5,"8 particles tallied",90,22.2,"QUMO4","3 - Heartwood sound","00006",14.15,20.94,"QUMO4","Y",">=10cm","3"
"252","ORNL_045","D07","ORNL","2019-05-21T00:00:00.000Z",5,"8 particles tallied",90,7.5,"OXAR","4 - Rotten throughout","L01",3.9,2.1,"OXAR","Y","5-10cm","4"
"253","ORNL_045","D07","ORNL","2019-05-21T00:00:00.000Z",5,"8 particles tallied",210,48.2,"QUMO4","2 - Sound round","00280",67.6,23.8,"QUMO4","Y",">=10cm","2"
"254","ORNL_045","D07","ORNL","2019-05-21T00:00:00.000Z",5,"8 particles tallied",210,13.6,"QUMO4","3 - Heartwood sound","00002",6.8,6.55,"QUMO4","Y",">=10cm","3"
"256","ORNL_045","D07","ORNL","2019-05-21T00:00:00.000Z",5,"8 particles tallied",210,15.8,"QUMO4","4 - Rotten throughout","00001",6.1,15.1,"QUMO4","Y",">=10cm","4"
"260","ORNL_045","D07","ORNL","2019-05-21T00:00:00.000Z",5,"8 particles tallied",90,37,"QUMO4","5 - No structural integrity","00281",51.3,11.6,"QUMO4","Y",">=10cm","5"
"264","ORNL_045","D07","ORNL","2019-05-21T00:00:00.000Z",5,"8 particles tallied",330,31.3,"QUMO4","3 - Heartwood sound","00005",41,12.5,"QUMO4","Y",">=10cm","3"
"266","ORNL_046","D07","ORNL","2019-06-04T00:00:00.000Z",5,"11 particles tallied",220,47.9,"QUVE","3 - Heartwood sound","00038",1.7,12.9,"QUVE","Y",">=10cm","3"
"272","ORNL_046","D07","ORNL","2019-06-04T00:00:00.000Z",5,"11 particles tallied",100,50.2,"ACRU","4 - Rotten throughout","00046",134.9,16.2,"ACRU","Y",">=10cm","4"
"275","ORNL_046","D07","ORNL","2019-06-04T00:00:00.000Z",5,"11 particles tallied",220,24.2,"COFL2","4 - Rotten throughout","00374",47.8,6.1,"COFL2","Y",">=10cm","4"
"276","ORNL_046","D07","ORNL","2019-06-04T00:00:00.000Z",5,"11 particles tallied",100,27.7,"QUMO4","3 - Heartwood sound","00373",51.6,22.1,"QUMO4","Y",">=10cm","3"
"277","ORNL_046","D07","ORNL","2019-06-04T00:00:00.000Z",5,"11 particles tallied",220,43.4,"QUCO2","1 - Fresh fallen","00376",82.7,26.8,"QUCO2","Y",">=10cm","1"
"280","ORNL_046","D07","ORNL","2019-06-04T00:00:00.000Z",5,"11 particles tallied",220,31,"PIEC2","3 - Heartwood sound","00375",51.2,18.7,"PIEC2","Y",">=10cm","3"
"282","ORNL_046","D07","ORNL","2019-06-04T00:00:00.000Z",5,"11 particles tallied",100,31.1,"QUMO4","3 - Heartwood sound","00045",50.4,24.7,"QUMO4","Y",">=10cm","3"
"283","ORNL_046","D07","ORNL","2019-06-04T00:00:00.000Z",5,"11 particles tallied",100,24.9,"QUAL","3 - Heartwood sound","00043",15.3,9.5,"QUAL","Y",">=10cm","3"
"286","ORNL_046","D07","ORNL","2019-06-04T00:00:00.000Z",5,"11 particles tallied",100,11,"ACRU","3 - Heartwood sound","00042",2,1.9,"ACRU","Y",">=10cm","3"
"294","ORNL_049","D07","ORNL","2019-05-29T00:00:00.000Z",5,"13 particles tallied",260,27.8,"PIEC2","3 - Heartwood sound","00352",42.6,19.5,"PIEC2","Y",">=10cm","3"
"298","ORNL_049","D07","ORNL","2019-05-29T00:00:00.000Z",5,"13 particles tallied",20,16.8,"PIEC2","4 - Rotten throughout","00073",0.2,20.8,"PIEC2","Y",">=10cm","4"
"299","ORNL_049","D07","ORNL","2019-05-29T00:00:00.000Z",5,"13 particles tallied",260,23.3,"PINUS","5 - No structural integrity","00084",19.3,12.1,"PINUS","Y",">=10cm","5"
"304","ORNL_049","D07","ORNL","2019-05-29T00:00:00.000Z",5,"13 particles tallied",260,16.8,"PIEC2","4 - Rotten throughout","00083",8.7,16.1,"PIEC2","Y",">=10cm","4"
"305","ORNL_049","D07","ORNL","2019-05-29T00:00:00.000Z",5,"13 particles tallied",260,14.4,"PINUS","5 - No structural integrity","00351",8.8,15.1,"PINUS","Y",">=10cm","5"
"308","ORNL_049","D07","ORNL","2019-05-29T00:00:00.000Z",5,"13 particles tallied",20,25,"PIEC2","3 - Heartwood sound","00077",8.7,10.7,"PIEC2","Y",">=10cm","3"
"309","ORNL_049","D07","ORNL","2019-05-29T00:00:00.000Z",5,"13 particles tallied",140,42.6,"PIST","4 - Rotten throughout","00080",17.1,11.2,"PIST","Y",">=10cm","4"
"316","ORNL_049","D07","ORNL","2019-05-29T00:00:00.000Z",5,"13 particles tallied",260,23,"PIEC2","3 - Heartwood sound","00085",24.3,10.3,"PIEC2","Y",">=10cm","3"
"318","ORNL_049","D07","ORNL","2019-05-29T00:00:00.000Z",5,"13 particles tallied",140,49,"PIEC2","3 - Heartwood sound","00350",187.3,13.1,"PIEC2","Y",">=10cm","3"
"319","ORNL_049","D07","ORNL","2019-05-29T00:00:00.000Z",5,"13 particles tallied",140,26.2,"PIST","3 - Heartwood sound","00081",34.3,13.4,"PIST","Y",">=10cm","3"
"321","ORNL_049","D07","ORNL","2019-05-29T00:00:00.000Z",5,"13 particles tallied",20,15.1,"PINUS","5 - No structural integrity","00349",10.4,4.9,"PINUS","Y",">=10cm","5"
"322","ORNL_049","D07","ORNL","2019-05-29T00:00:00.000Z",5,"13 particles tallied",20,13.4,"PIEC2","3 - Heartwood sound","00076",13,16.5,"PIEC2","Y",">=10cm","3"
"325","ORNL_050","D07","ORNL","2019-05-21T00:00:00.000Z",5,"6 particles tallied",250,19.5,"LITU","4 - Rotten throughout","00011",1.3,2.65,"LITU","Y",">=10cm","4"
"326","ORNL_050","D07","ORNL","2019-05-21T00:00:00.000Z",5,"6 particles tallied",250,32.5,"QUMO4","1 - Fresh fallen","00275",76.1,32.5,"QUMO4","Y",">=10cm","1"
"328","ORNL_050","D07","ORNL","2019-05-21T00:00:00.000Z",5,"6 particles tallied",130,63,"QUMO4","3 - Heartwood sound","00017",102.6,15.9,"QUMO4","Y",">=10cm","3"
"338","ORNL_050","D07","ORNL","2019-05-21T00:00:00.000Z",5,"6 particles tallied",250,57,"QUMO4","3 - Heartwood sound","00010",142.9,20.95,"QUMO4","Y",">=10cm","3"
"339","ORNL_050","D07","ORNL","2019-05-21T00:00:00.000Z",5,"6 particles tallied",250,37.9,"QUMO4","3 - Heartwood sound","00012",107.8,24.4,"QUMO4","Y",">=10cm","3"
"342","ORNL_051","D07","ORNL","2019-05-31T00:00:00.000Z",5,"9 particles tallied",50,38.1,"QURU","3 - Heartwood sound","00361",93,24.4,"QURU","Y",">=10cm","3"
"343","ORNL_051","D07","ORNL","2019-05-31T00:00:00.000Z",5,"9 particles tallied",50,71,"QUAL","5 - No structural integrity","00362",39.7,11.7,"QUAL","Y",">=10cm","5"
"345","ORNL_051","D07","ORNL","2019-05-31T00:00:00.000Z",5,"9 particles tallied",290,39.1,"QUMO4","4 - Rotten throughout","00112",86.4,5.9,"QUMO4","Y",">=10cm","4"
"347","ORNL_051","D07","ORNL","2019-05-31T00:00:00.000Z",5,"9 particles tallied",290,19.7,"QUAL","4 - Rotten throughout","00363",31.4,2.3,"QUAL","Y",">=10cm","4"
"349","ORNL_051","D07","ORNL","2019-05-31T00:00:00.000Z",5,"9 particles tallied",50,35.7,"QUAL","3 - Heartwood sound","00115",45.9,19.8,"QUAL","Y",">=10cm","3"
"352","ORNL_051","D07","ORNL","2019-05-31T00:00:00.000Z",5,"9 particles tallied",290,46.2,"QURU","3 - Heartwood sound","00111",73.5,17.2,"QURU","Y",">=10cm","3"
"357","ORNL_051","D07","ORNL","2019-05-31T00:00:00.000Z",5,"9 particles tallied",50,29.4,"ACRU","4 - Rotten throughout","00360",16.7,17.4,"ACRU","Y",">=10cm","4"
"358","ORNL_051","D07","ORNL","2019-05-31T00:00:00.000Z",5,"9 particles tallied",290,65,"QUMO4","1 - Fresh fallen","00364",156.6,24.4,"QUMO4","Y",">=10cm","1"
"360","ORNL_051","D07","ORNL","2019-05-31T00:00:00.000Z",5,"9 particles tallied",170,37.2,"QUAL","3 - Heartwood sound","00113",24.1,15.2,"QUAL","Y",">=10cm","3"
"368","ORNL_052","D07","ORNL","2019-06-13T00:00:00.000Z",5,"8 particles tallied",260,39.4,"QUMO4","1 - Fresh fallen","00395",127.3,27.1,"QUMO4","Y",">=10cm","1"
"369","ORNL_052","D07","ORNL","2019-06-13T00:00:00.000Z",5,"8 particles tallied",140,20.4,"QURU","4 - Rotten throughout","00060",4.2,10.2,"QURU","Y",">=10cm","4"
"370","ORNL_052","D07","ORNL","2019-06-13T00:00:00.000Z",5,"8 particles tallied",260,12.7,"QURU","4 - Rotten throughout","00065",12.1,9.9,"QURU","Y",">=10cm","4"
"371","ORNL_052","D07","ORNL","2019-06-13T00:00:00.000Z",5,"8 particles tallied",20,19.9,"QUAL","3 - Heartwood sound","00396",24,13.2,"QUAL","Y",">=10cm","3"
"373","ORNL_052","D07","ORNL","2019-06-13T00:00:00.000Z",5,"8 particles tallied",260,37.7,"FRAXI","3 - Heartwood sound","00393",106.8,28.7,"FRAXI","Y",">=10cm","3"
"375","ORNL_052","D07","ORNL","2019-06-13T00:00:00.000Z",5,"8 particles tallied",260,39.7,"LITU","3 - Heartwood sound","00394",127.3,27.4,"LITU","Y",">=10cm","3"
"376","ORNL_052","D07","ORNL","2019-06-13T00:00:00.000Z",5,"8 particles tallied",140,23.7,"OXAR","3 - Heartwood sound","00062",45.1,17.2,"OXAR","Y",">=10cm","3"
"379","ORNL_052","D07","ORNL","2019-06-13T00:00:00.000Z",5,"8 particles tallied",140,29.9,"PIEC2","4 - Rotten throughout","00063",72.6,15.7,"PIEC2","Y",">=10cm","4"
"384","ORNL_053","D07","ORNL","2019-06-04T00:00:00.000Z",5,"12 particles tallied",210,40.5,"PIVI2","2 - Sound round","00034",61,28.1,"PIVI2","Y",">=10cm","2"
"385","ORNL_053","D07","ORNL","2019-06-04T00:00:00.000Z",5,"12 particles tallied",210,24,"ACRU","4 - Rotten throughout","00377",33.2,1.3,"ACRU","Y",">=10cm","4"
"389","ORNL_053","D07","ORNL","2019-06-04T00:00:00.000Z",5,"12 particles tallied",90,4.6,"CARYA","1 - Fresh fallen","L02",1,2.8,"CARYA","Y","2-5cm","1"
"390","ORNL_053","D07","ORNL","2019-06-04T00:00:00.000Z",5,"12 particles tallied",330,39.4,"SAAL5","2 - Sound round","00030",51.4,2.9,"SAAL5","Y",">=10cm","2"
"391","ORNL_053","D07","ORNL","2019-06-04T00:00:00.000Z",5,"12 particles tallied",210,81.1,"QUERC","5 - No structural integrity","00035",148.6,10.8,"QUERC","Y",">=10cm","5"
"392","ORNL_053","D07","ORNL","2019-06-04T00:00:00.000Z",5,"12 particles tallied",210,57.5,"QURU","4 - Rotten throughout","00037",179.1,15.6,"QURU","Y",">=10cm","4"
"393","ORNL_053","D07","ORNL","2019-06-04T00:00:00.000Z",5,"12 particles tallied",330,35,"PIEC2","4 - Rotten throughout","00031",63.5,6.45,"PIEC2","Y",">=10cm","4"
"394","ORNL_053","D07","ORNL","2019-06-04T00:00:00.000Z",5,"12 particles tallied",330,39.4,"SAAL5","2 - Sound round","00030",93.3,2.9,"SAAL5","Y",">=10cm","2"
"396","ORNL_053","D07","ORNL","2019-06-04T00:00:00.000Z",5,"12 particles tallied",330,2.2,"ACRU","2 - Sound round","L01",0.1,1.7,"ACRU","Y","2-5cm","2"
"397","ORNL_053","D07","ORNL","2019-06-04T00:00:00.000Z",5,"12 particles tallied",210,40.5,"ACRU","4 - Rotten throughout","00032",11.2,9.5,"ACRU","Y",">=10cm","4"
"398","ORNL_053","D07","ORNL","2019-06-04T00:00:00.000Z",5,"12 particles tallied",90,46.8,"QUAL","4 - Rotten throughout","00027",21.6,18.1,"QUAL","Y",">=10cm","4"
"399","ORNL_053","D07","ORNL","2019-06-04T00:00:00.000Z",5,"12 particles tallied",330,35,"PIEC2","4 - Rotten throughout","00031",81.3,6.45,"PIEC2","Y",">=10cm","4"
"405","ORNL_054","D07","ORNL","2019-05-21T00:00:00.000Z",5,"11 particles tallied",270,5.6,"COFL2","3 - Heartwood sound","L03",1.7,4.1,"COFL2","Y","5-10cm","3"
"408","ORNL_054","D07","ORNL","2019-05-21T00:00:00.000Z",5,"11 particles tallied",270,15.4,"QUMO4","3 - Heartwood sound","00009",8.7,2.8,"QUMO4","Y",">=10cm","3"
"411","ORNL_054","D07","ORNL","2019-05-21T00:00:00.000Z",5,"11 particles tallied",30,4.7,"ACSA3","3 - Heartwood sound","L01",1.6,4.35,"ACSA3","Y","2-5cm","3"
"413","ORNL_054","D07","ORNL","2019-05-21T00:00:00.000Z",5,"11 particles tallied",30,6,"ACSA3","3 - Heartwood sound","L02",1.8,1.1,"ACSA3","Y","5-10cm","3"
"415","ORNL_054","D07","ORNL","2019-05-21T00:00:00.000Z",5,"11 particles tallied",30,37.4,"QUMO4","1 - Fresh fallen","00275",31.8,32.5,"QUMO4","Y",">=10cm","1"
"416","ORNL_054","D07","ORNL","2019-05-21T00:00:00.000Z",5,"11 particles tallied",270,47,"QUMO4","3 - Heartwood sound","00279",41.2,22.3,"QUMO4","Y",">=10cm","3"
"418","ORNL_054","D07","ORNL","2019-05-21T00:00:00.000Z",5,"11 particles tallied",270,20.3,"QUMO4","4 - Rotten throughout","00278",9.4,3.8,"QUMO4","Y",">=10cm","4"
"419","ORNL_054","D07","ORNL","2019-05-21T00:00:00.000Z",5,"11 particles tallied",150,15.4,"QUMO4","4 - Rotten throughout","00276",16.6,7.8,"QUMO4","Y",">=10cm","4"
"420","ORNL_054","D07","ORNL","2019-05-21T00:00:00.000Z",5,"11 particles tallied",150,22,"QUMO4","3 - Heartwood sound","00277",18.3,4.1,"QUMO4","Y",">=10cm","3"
"422","ORNL_054","D07","ORNL","2019-05-21T00:00:00.000Z",5,"11 particles tallied",30,38.1,"QUMO4","4 - Rotten throughout","00007",21.5,19.3,"QUMO4","Y",">=10cm","4"
"424","ORNL_054","D07","ORNL","2019-05-21T00:00:00.000Z",5,"11 particles tallied",150,58.8,"QUMO4","4 - Rotten throughout","00276",15.9,7.8,"QUMO4","Y",">=10cm","4"
"425","ORNL_055","D07","ORNL","2019-05-30T00:00:00.000Z",5,"11 particles tallied",180,140.5,"QURU","2 - Sound round","00354",144.4,25.7,"QURU","Y",">=10cm","2"
"426","ORNL_055","D07","ORNL","2019-05-30T00:00:00.000Z",5,"11 particles tallied",180,40.1,"QURU","2 - Sound round","00354",144.4,25.7,"QURU","Y",">=10cm","2"
"428","ORNL_055","D07","ORNL","2019-05-30T00:00:00.000Z",5,"11 particles tallied",60,13.9,"LITU","4 - Rotten throughout","00356",14.6,2.1,"LITU","Y",">=10cm","4"
"431","ORNL_055","D07","ORNL","2019-05-30T00:00:00.000Z",5,"11 particles tallied",60,14.5,"LITU","4 - Rotten throughout","00150",13.9,1.1,"LITU","Y",">=10cm","4"
"432","ORNL_055","D07","ORNL","2019-05-30T00:00:00.000Z",5,"11 particles tallied",60,17.9,"2PLANT-H","4 - Rotten throughout","00355",14.2,1.8,"2PLANT-H","Y",">=10cm","4"
"433","ORNL_055","D07","ORNL","2019-05-30T00:00:00.000Z",5,"11 particles tallied",180,29.8,"ACRU","3 - Heartwood sound","00353",69.6,7.4,"ACRU","Y",">=10cm","3"
"438","ORNL_055","D07","ORNL","2019-05-30T00:00:00.000Z",5,"11 particles tallied",60,19.5,"AEFL","1 - Fresh fallen","00357",33.4,15.5,"AEFL","Y",">=10cm","1"
"440","ORNL_055","D07","ORNL","2019-05-30T00:00:00.000Z",5,"11 particles tallied",60,24.4,"LITU","3 - Heartwood sound","00153",24.2,8.9,"LITU","Y",">=10cm","3"
"441","ORNL_055","D07","ORNL","2019-05-30T00:00:00.000Z",5,"11 particles tallied",60,12.9,"AEFL","1 - Fresh fallen","00357",33.4,15.5,"AEFL","Y",">=10cm","1"
"442","ORNL_055","D07","ORNL","2019-05-30T00:00:00.000Z",5,"11 particles tallied",180,24.4,"QURU","4 - Rotten throughout","00152",17.7,13.2,"QURU","Y",">=10cm","4"
"443","ORNL_056","D07","ORNL","2019-05-30T00:00:00.000Z",5,"4 particles tallied",40,11.6,"ACRU","3 - Heartwood sound","00155",9.3,5.35,"ACRU","Y",">=10cm","3"
"446","ORNL_056","D07","ORNL","2019-05-30T00:00:00.000Z",5,"4 particles tallied",280,16.1,"QUMO4","3 - Heartwood sound","00156",2.9,18.1,"QUMO4","Y",">=10cm","3"
"448","ORNL_056","D07","ORNL","2019-05-30T00:00:00.000Z",5,"4 particles tallied",160,36.5,"QURU","3 - Heartwood sound","00358",108.4,18,"QURU","Y",">=10cm","3"
"452","ORNL_056","D07","ORNL","2019-05-30T00:00:00.000Z",5,"4 particles tallied",160,14.5,"LITU","2 - Sound round","00158",15.5,22.5,"LITU","Y",">=10cm","2"
"458","ORNL_057","D07","ORNL","2019-05-23T00:00:00.000Z",5,"7 particles tallied",60,49,"QURU","3 - Heartwood sound","00067",3.9,16,"QURU","Y",">=10cm","3"
"461","ORNL_057","D07","ORNL","2019-05-23T00:00:00.000Z",5,"7 particles tallied",60,26,"QUMO4","3 - Heartwood sound","00068",16.1,22.6,"QUMO4","Y",">=10cm","3"
"466","ORNL_057","D07","ORNL","2019-05-23T00:00:00.000Z",5,"7 particles tallied",60,27.9,"QUMO4","3 - Heartwood sound","00068",16.1,22.6,"QUMO4","Y",">=10cm","3"
"467","ORNL_057","D07","ORNL","2019-05-23T00:00:00.000Z",5,"7 particles tallied",180,25.7,"QUAL","3 - Heartwood sound","00070",46.2,20.3,"QUAL","Y",">=10cm","3"
"468","ORNL_057","D07","ORNL","2019-05-23T00:00:00.000Z",5,"7 particles tallied",60,11.5,"QUMO4","2 - Sound round","00068",16.1,22.6,"QUMO4","Y",">=10cm","2"
"469","ORNL_057","D07","ORNL","2019-05-23T00:00:00.000Z",5,"7 particles tallied",300,44.9,"QUAL","3 - Heartwood sound","00359",5,16,"QUAL","Y",">=10cm","3"
"471","ORNL_057","D07","ORNL","2019-05-23T00:00:00.000Z",5,"7 particles tallied",180,46.9,"QUMO4","3 - Heartwood sound","00071",168,21.2,"QUMO4","Y",">=10cm","3"
"472","ORNL_058","D07","ORNL","2019-06-04T00:00:00.000Z",5,"10 particles tallied",110,15.1,"LITU","3 - Heartwood sound","00119",16.8,4.9,"LITU","Y",">=10cm","3"
"476","ORNL_058","D07","ORNL","2019-06-04T00:00:00.000Z",5,"10 particles tallied",350,8.2,"ACRU","4 - Rotten throughout","L01",1.8,1.9,"ACRU","Y","5-10cm","4"
"477","ORNL_058","D07","ORNL","2019-06-04T00:00:00.000Z",5,"10 particles tallied",110,22.1,"LITU","3 - Heartwood sound","00120",18.8,14.5,"LITU","Y",">=10cm","3"
"479","ORNL_058","D07","ORNL","2019-06-04T00:00:00.000Z",5,"10 particles tallied",230,56.2,"LITU","5 - No structural integrity","00379",153,17.7,"LITU","Y",">=10cm","5"
"480","ORNL_058","D07","ORNL","2019-06-04T00:00:00.000Z",5,"10 particles tallied",350,38.7,"QURU","3 - Heartwood sound","00123",28.8,21.1,"QURU","Y",">=10cm","3"
"481","ORNL_058","D07","ORNL","2019-06-04T00:00:00.000Z",5,"10 particles tallied",230,30.5,"QURU","3 - Heartwood sound","00103",26.9,21.7,"QURU","Y",">=10cm","3"
"482","ORNL_058","D07","ORNL","2019-06-04T00:00:00.000Z",5,"10 particles tallied",110,42,"QUMO4","4 - Rotten throughout","00121",80.7,12.5,"QUMO4","Y",">=10cm","4"
"483","ORNL_058","D07","ORNL","2019-06-04T00:00:00.000Z",5,"10 particles tallied",350,16.2,"ACRU","4 - Rotten throughout","00122",0.7,13.9,"ACRU","Y",">=10cm","4"
"487","ORNL_058","D07","ORNL","2019-06-04T00:00:00.000Z",5,"10 particles tallied",350,9.3,"ACRU","4 - Rotten throughout","L02",4.9,7.2,"ACRU","Y","5-10cm","4"
"491","ORNL_058","D07","ORNL","2019-06-04T00:00:00.000Z",5,"10 particles tallied",230,61.1,"QUMO4","4 - Rotten throughout","00378",83.7,9.7,"QUMO4","Y",">=10cm","4"
"492","ORNL_059","D07","ORNL","2019-06-04T00:00:00.000Z",5,"12 particles tallied",40,8.1,"ACRU","4 - Rotten throughout","L01",1.9,3.4,"ACRU","Y","5-10cm","4"
"496","ORNL_059","D07","ORNL","2019-06-04T00:00:00.000Z",5,"12 particles tallied",280,57.5,"QUERC","5 - No structural integrity","00370",240.3,2.9,"QUERC","Y",">=10cm","5"
"497","ORNL_059","D07","ORNL","2019-06-04T00:00:00.000Z",5,"12 particles tallied",40,26.9,"QUAL","3 - Heartwood sound","00368",130.6,15.5,"QUAL","Y",">=10cm","3"
"498","ORNL_059","D07","ORNL","2019-06-04T00:00:00.000Z",5,"12 particles tallied",280,27.1,"QUMO4","3 - Heartwood sound","00371",261.2,14.3,"QUMO4","Y",">=10cm","3"
"499","ORNL_059","D07","ORNL","2019-06-04T00:00:00.000Z",5,"12 particles tallied",160,7.2,"ACRU","3 - Heartwood sound","L02",2.6,4,"ACRU","Y","5-10cm","3"
"500","ORNL_059","D07","ORNL","2019-06-04T00:00:00.000Z",5,"12 particles tallied",160,14.2,"QURU","2 - Sound round","00372",11.2,4,"QURU","Y",">=10cm","2"
"501","ORNL_059","D07","ORNL","2019-06-04T00:00:00.000Z",5,"12 particles tallied",160,22,"QUAL","3 - Heartwood sound","00136",35.8,16.9,"QUAL","Y",">=10cm","3"
"502","ORNL_059","D07","ORNL","2019-06-04T00:00:00.000Z",5,"12 particles tallied",160,28.6,"PIST","3 - Heartwood sound","00139",57.4,15.5,"PIST","Y",">=10cm","3"
"503","ORNL_059","D07","ORNL","2019-06-04T00:00:00.000Z",5,"12 particles tallied",40,18.4,"QUAL","3 - Heartwood sound","00368",130.6,15.5,"QUAL","Y",">=10cm","3"
"505","ORNL_059","D07","ORNL","2019-06-04T00:00:00.000Z",5,"12 particles tallied",280,32.2,"PIEC2","3 - Heartwood sound","00133",43.3,25.5,"PIEC2","Y",">=10cm","3"
"506","ORNL_059","D07","ORNL","2019-06-04T00:00:00.000Z",5,"12 particles tallied",280,49.4,"QUMO4","3 - Heartwood sound","00371",261.2,14.3,"QUMO4","Y",">=10cm","3"
"508","ORNL_059","D07","ORNL","2019-06-04T00:00:00.000Z",5,"12 particles tallied",280,24,"ACRU","3 - Heartwood sound","00369",21.6,6.5,"ACRU","Y",">=10cm","3"
"518","ORNL_060","D07","ORNL","2019-06-06T00:00:00.000Z",5,"16 particles tallied",180,15.4,"QURU","3 - Heartwood sound","00381",19.4,3.9,"QURU","Y",">=10cm","3"
"520","ORNL_060","D07","ORNL","2019-06-06T00:00:00.000Z",5,"16 particles tallied",180,33.6,"PIEC2","5 - No structural integrity","00383",73.3,13.1,"PIEC2","Y",">=10cm","5"
"522","ORNL_060","D07","ORNL","2019-06-06T00:00:00.000Z",5,"16 particles tallied",180,51.1,"PIEC2","5 - No structural integrity","00384",158,10.1,"PIEC2","Y",">=10cm","5"
"524","ORNL_060","D07","ORNL","2019-06-06T00:00:00.000Z",5,"16 particles tallied",180,15.2,"QURU","3 - Heartwood sound","00106",18.2,17.1,"QURU","Y",">=10cm","3"
"527","ORNL_060","D07","ORNL","2019-06-06T00:00:00.000Z",5,"16 particles tallied",180,13.5,"ACRU","2 - Sound round","00380",0.9,4.8,"ACRU","Y",">=10cm","2"
"529","ORNL_060","D07","ORNL","2019-06-06T00:00:00.000Z",5,"16 particles tallied",180,27.5,"LITU","3 - Heartwood sound","00105",13.9,12.15,"LITU","Y",">=10cm","3"
"531","ORNL_060","D07","ORNL","2019-06-06T00:00:00.000Z",5,"16 particles tallied",180,35.6,"PIEC2","5 - No structural integrity","00382",62.4,19.3,"PIEC2","Y",">=10cm","5"
"535","ORNL_060","D07","ORNL","2019-06-06T00:00:00.000Z",5,"16 particles tallied",180,32.1,"QUMO4","3 - Heartwood sound","00104",0.1,18.8,"QUMO4","Y",">=10cm","3"
"536","ORNL_060","D07","ORNL","2019-06-06T00:00:00.000Z",5,"16 particles tallied",300,4.8,"QUAL","2 - Sound round","L01",1.7,2.2,"QUAL","Y","2-5cm","2"
"539","ORNL_060","D07","ORNL","2019-06-06T00:00:00.000Z",5,"16 particles tallied",300,57.2,"CATO6","2 - Sound round","00100",9.3,14.6,"CATO6","Y",">=10cm","2"
"542","ORNL_060","D07","ORNL","2019-06-06T00:00:00.000Z",5,"16 particles tallied",300,20.4,"CATO6","2 - Sound round","00100",9.6,14.6,"CATO6","Y",">=10cm","2"
"546","ORNL_060","D07","ORNL","2019-06-06T00:00:00.000Z",5,"16 particles tallied",300,9.8,"CATO6","2 - Sound round","L02",3.6,2.9,"CATO6","Y","5-10cm","2"
"547","ORNL_060","D07","ORNL","2019-06-06T00:00:00.000Z",5,"16 particles tallied",300,22.9,"CATO6","2 - Sound round","00100",9.3,14.7,"CATO6","Y",">=10cm","2"
"548","ORNL_060","D07","ORNL","2019-06-06T00:00:00.000Z",5,"16 particles tallied",180,40.5,"PIEC2","5 - No structural integrity","00108",52.3,18.2,"PIEC2","Y",">=10cm","5"
"549","ORNL_060","D07","ORNL","2019-06-06T00:00:00.000Z",5,"16 particles tallied",180,48.7,"PIEC2","5 - No structural integrity","00107",34.6,21.7,"PIEC2","Y",">=10cm","5"
"554","ORNL_061","D07","ORNL","2019-05-28T00:00:00.000Z",5,"14 particles tallied",110,15.5,"QUVE","3 - Heartwood sound","00334",7.8,19.3,"QUVE","Y",">=10cm","3"
"555","ORNL_061","D07","ORNL","2019-05-28T00:00:00.000Z",5,"14 particles tallied",230,41.1,"QUAL","3 - Heartwood sound","00338",118.5,8.7,"QUAL","Y",">=10cm","3"
"556","ORNL_061","D07","ORNL","2019-05-28T00:00:00.000Z",5,"14 particles tallied",350,36.7,"LITU","3 - Heartwood sound","00339",86.6,1.6,"LITU","Y",">=10cm","3"
"558","ORNL_061","D07","ORNL","2019-05-28T00:00:00.000Z",5,"14 particles tallied",350,19,"LITU","4 - Rotten throughout","00337",13.5,4.4,"LITU","Y",">=10cm","4"
"559","ORNL_061","D07","ORNL","2019-05-28T00:00:00.000Z",5,"14 particles tallied",110,20.8,"PIEC2","4 - Rotten throughout","00335",11.6,11.6,"PIEC2","Y",">=10cm","4"
"561","ORNL_061","D07","ORNL","2019-05-28T00:00:00.000Z",5,"14 particles tallied",350,54,"LITU","3 - Heartwood sound","00340",175.7,28.8,"LITU","Y",">=10cm","3"
"562","ORNL_061","D07","ORNL","2019-05-28T00:00:00.000Z",5,"14 particles tallied",110,17.8,"QUVE","3 - Heartwood sound","00334",7.8,19.3,"QUVE","Y",">=10cm","3"
"565","ORNL_061","D07","ORNL","2019-05-28T00:00:00.000Z",5,"14 particles tallied",110,14.8,"PIST","5 - No structural integrity","00333",6.7,6.2,"PIST","Y",">=10cm","5"
"568","ORNL_061","D07","ORNL","2019-05-28T00:00:00.000Z",5,"14 particles tallied",110,10.4,"QUVE","3 - Heartwood sound","00334",7.8,19.3,"QUVE","Y",">=10cm","3"
"571","ORNL_061","D07","ORNL","2019-05-28T00:00:00.000Z",5,"14 particles tallied",110,18,"PIEC2","4 - Rotten throughout","00147",14.6,9.2,"PIEC2","Y",">=10cm","4"
"572","ORNL_061","D07","ORNL","2019-05-28T00:00:00.000Z",5,"14 particles tallied",110,31.7,"ACRU","4 - Rotten throughout","00046",16,15.8,"ACRU","Y",">=10cm","4"
"573","ORNL_061","D07","ORNL","2019-05-28T00:00:00.000Z",5,"14 particles tallied",110,18.3,"QUVE","3 - Heartwood sound","00334",7.8,19.3,"QUVE","Y",">=10cm","3"
"574","ORNL_061","D07","ORNL","2019-05-28T00:00:00.000Z",5,"14 particles tallied",110,6,"QUVE","2 - Sound round","L01",0.7,1.3,"QUVE","Y","5-10cm","2"
"575","ORNL_061","D07","ORNL","2019-05-28T00:00:00.000Z",5,"14 particles tallied",110,71.1,"PIEC2","4 - Rotten throughout","00336",140.5,2,"PIEC2","Y",">=10cm","4"
"579","ORNL_062","D07","ORNL","2019-06-13T00:00:00.000Z",5,"8 particles tallied",160,21.2,"LITU","3 - Heartwood sound","00391",30.1,11.3,"LITU","Y",">=10cm","3"
"585","ORNL_062","D07","ORNL","2019-06-13T00:00:00.000Z",5,"8 particles tallied",280,16.3,"QUMO4","4 - Rotten throughout","00392",9.6,5.5,"QUMO4","Y",">=10cm","4"
"586","ORNL_062","D07","ORNL","2019-06-13T00:00:00.000Z",5,"8 particles tallied",160,12.6,"QURU","3 - Heartwood sound","00390",11.2,20.7,"QURU","Y",">=10cm","3"
"588","ORNL_062","D07","ORNL","2019-06-13T00:00:00.000Z",5,"8 particles tallied",160,17.1,"QURU","3 - Heartwood sound","00389",10.7,7.5,"QURU","Y",">=10cm","3"
"589","ORNL_062","D07","ORNL","2019-06-13T00:00:00.000Z",5,"8 particles tallied",40,62.7,"QUMO4","3 - Heartwood sound","00388",177,21.5,"QUMO4","Y",">=10cm","3"
"592","ORNL_062","D07","ORNL","2019-06-13T00:00:00.000Z",5,"8 particles tallied",280,7.3,"QURU","4 - Rotten throughout","L01",1.5,3.2,"QURU","Y","5-10cm","4"
"593","ORNL_062","D07","ORNL","2019-06-13T00:00:00.000Z",5,"8 particles tallied",40,10.6,"ACRU","2 - Sound round","00387",8.6,4.4,"ACRU","Y",">=10cm","2"
"595","ORNL_062","D07","ORNL","2019-06-13T00:00:00.000Z",5,"8 particles tallied",280,8.5,"ACRU","2 - Sound round","L02",4.7,5.3,"ACRU","Y","5-10cm","2"
"598","ORNL_063","D07","ORNL","2019-05-29T00:00:00.000Z",5,"15 particles tallied",10,16,"PINUS","5 - No structural integrity","00165",7.2,6.6,"PINUS","Y",">=10cm","5"
"599","ORNL_063","D07","ORNL","2019-05-29T00:00:00.000Z",5,"15 particles tallied",10,51.1,"QURU","3 - Heartwood sound","00346",129.2,32.8,"QURU","Y",">=10cm","3"
"601","ORNL_063","D07","ORNL","2019-05-29T00:00:00.000Z",5,"15 particles tallied",10,3.7,"PIST","3 - Heartwood sound","L01",0.6,1.5,"PIST","Y","2-5cm","3"
"605","ORNL_063","D07","ORNL","2019-05-29T00:00:00.000Z",5,"15 particles tallied",10,9.6,"PINUS","5 - No structural integrity","L02",6.9,4.1,"PINUS","Y","5-10cm","5"
"606","ORNL_063","D07","ORNL","2019-05-29T00:00:00.000Z",5,"15 particles tallied",10,47.7,"QUMO4","3 - Heartwood sound","00172",71.7,22,"QUMO4","Y",">=10cm","3"
"607","ORNL_063","D07","ORNL","2019-05-29T00:00:00.000Z",5,"15 particles tallied",10,16.5,"PIEC2","4 - Rotten throughout","00344",18.6,8.6,"PIEC2","Y",">=10cm","4"
"613","ORNL_063","D07","ORNL","2019-05-29T00:00:00.000Z",5,"15 particles tallied",10,59.7,"QURU","3 - Heartwood sound","00348",171.3,21.6,"QURU","Y",">=10cm","3"
"616","ORNL_063","D07","ORNL","2019-05-29T00:00:00.000Z",5,"15 particles tallied",10,21.4,"PINUS","5 - No structural integrity","00343",7.6,6.4,"PINUS","Y",">=10cm","5"
"617","ORNL_063","D07","ORNL","2019-05-29T00:00:00.000Z",5,"15 particles tallied",10,52.8,"QURU","3 - Heartwood sound","00347",150.3,8,"QURU","Y",">=10cm","3"
"619","ORNL_063","D07","ORNL","2019-05-29T00:00:00.000Z",5,"15 particles tallied",10,15.4,"PINUS","5 - No structural integrity","00167",12.1,8.5,"PINUS","Y",">=10cm","5"
"627","ORNL_063","D07","ORNL","2019-05-29T00:00:00.000Z",5,"15 particles tallied",250,25.3,"PIEC2","3 - Heartwood sound","00177",42.2,23.3,"PIEC2","Y",">=10cm","3"
"629","ORNL_063","D07","ORNL","2019-05-29T00:00:00.000Z",5,"15 particles tallied",130,15.1,"ACRU","3 - Heartwood sound","00175",16.1,10.5,"ACRU","Y",">=10cm","3"
"632","ORNL_063","D07","ORNL","2019-05-29T00:00:00.000Z",5,"15 particles tallied",10,58.5,"QUMO4","3 - Heartwood sound","00171",70.5,32,"QUMO4","Y",">=10cm","3"
"633","ORNL_063","D07","ORNL","2019-05-29T00:00:00.000Z",5,"15 particles tallied",10,17.4,"PIEC2","3 - Heartwood sound","00345",19.4,10.3,"PIEC2","Y",">=10cm","3"
"634","ORNL_063","D07","ORNL","2019-05-29T00:00:00.000Z",5,"15 particles tallied",250,31.7,"PIEC2","5 - No structural integrity","00176",20,6.1,"PIEC2","Y",">=10cm","5"
