"domainid","siteid","plotid","subplotid","pointid","stemazimuth","stemdistance","taxonid","individualid","tempstemid","growthform","stemdiameter","existing_band","agb","addDBH","bandLength","springSize"
"D18/19","BONA","BONA_070","23_400",41,152.6,12.6,"PIMA","NEON.PLA.D19.BONA.00353",1,"single bole tree",15.1,"N",64.8,4,60,"76mm"
"D18/19","BONA","BONA_070","23_400",43,196.9,4.8,"PIMA","NEON.PLA.D19.BONA.00343",1,"single bole tree",14.8,"N",61.8,4,60,"76mm"
"D18/19","BONA","BONA_070","23_400",25,355.5,11,"PIMA","NEON.PLA.D19.BONA.00348",1,"single bole tree",14.6,"N",59.9,4,59,"76mm"
"D18/19","BONA","BONA_070","39_400",41,352,10.1,"LALA","NEON.PLA.D19.BONA.00311",1,"single bole tree",15,"N",64,4,60,"76mm"
"D18/19","BONA","BONA_070","39_400",57,139.5,3.9,"PIMA","NEON.PLA.D19.BONA.00309",1,"single bole tree",14.9,"N",62.8,4,60,"76mm"
"D18/19","BONA","BONA_072","23_400",41,107.4,11.9,"BENE4","NEON.PLA.D19.BONA.00047",1,"single bole tree",24.2,"Y",290.6,4,89,"76mm"
"D18/19","BONA","BONA_072","23_400",23,20.4,4.9,"BENE4","NEON.PLA.D19.BONA.00080",1,"single bole tree",20.7,"Y",201.4,4,78,"76mm"
"D18/19","BONA","BONA_072","23_400",41,112.5,6.7,"BENE4","NEON.PLA.D19.BONA.00042",1,"single bole tree",20,"Y",185.7,4,76,"76mm"
"D18/19","BONA","BONA_072","23_400",41,100,16.1,"BENE4","NEON.PLA.D19.BONA.00050",1,"single bole tree",19.4,"Y",172.9,4,74,"76mm"
"D18/19","BONA","BONA_072","23_400",41,145.1,9.4,"BENE4","NEON.PLA.D19.BONA.00044",1,"single bole tree",19,"Y",164.7,4,73,"76mm"
"D18/19","BONA","BONA_072","23_400",25,323.7,11.6,"BENE4","NEON.PLA.D19.BONA.00059",1,"multi-bole tree",18.6,"Y",156.6,4,71,"76mm"
"D18/19","BONA","BONA_072","23_400",41,156.7,11.8,"BENE4","NEON.PLA.D19.BONA.02522",1,"single bole tree",18.6,"N",156.6,4,71,"76mm"
"D18/19","BONA","BONA_072","23_400",41,98,10.7,"BENE4","NEON.PLA.D19.BONA.00046",1,"single bole tree",18.5,"Y",154.7,4,71,"76mm"
"D18/19","BONA","BONA_072","23_400",41,177,2.1,"BENE4","NEON.PLA.D19.BONA.00041",1,"single bole tree",18,"Y",145,4,70,"76mm"
"D18/19","BONA","BONA_072","23_400",23,21.6,6,"BENE4","NEON.PLA.D19.BONA.00082",1,"multi-bole tree",17.5,"Y",135.8,4,68,"76mm"
"D18/19","BONA","BONA_072","23_400",23,1,3.8,"BENE4","NEON.PLA.D19.BONA.00081",1,"single bole tree",17.1,"Y",128.6,4,67,"76mm"
"D18/19","BONA","BONA_072","23_400",25,323.7,11.6,"BENE4","NEON.PLA.D19.BONA.00059A",2,"multi-bole tree",16.8,"Y",123.3,4,66,"76mm"
"D18/19","BONA","BONA_072","23_400",23,27.6,7.7,"PIGL","NEON.PLA.D19.BONA.00084",1,"single bole tree",16.3,"N",77.3,4,64,"76mm"
"D18/19","BONA","BONA_072","23_400",25,277.7,7.4,"BENE4","NEON.PLA.D19.BONA.00072",1,"single bole tree",16.1,"N",111.6,4,64,"76mm"
"D18/19","BONA","BONA_072","23_400",25,291,2.7,"BENE4","NEON.PLA.D19.BONA.00070",1,"single bole tree",16,"Y",110,4,63,"76mm"
"D18/19","BONA","BONA_072","23_400",41,138.7,11.6,"BENE4","NEON.PLA.D19.BONA.02523",1,"single bole tree",16,"N",110,4,63,"76mm"
"D18/19","BONA","BONA_072","23_400",41,145.8,8.8,"BENE4","NEON.PLA.D19.BONA.00043",1,"single bole tree",15.6,"Y",103.6,4,62,"76mm"
"D18/19","BONA","BONA_072","23_400",25,329.4,5.1,"BENE4","NEON.PLA.D19.BONA.00067",1,"single bole tree",15.4,"N",100.6,4,61,"76mm"
"D18/19","BONA","BONA_072","23_400",23,69.8,6,"BENE4","NEON.PLA.D19.BONA.00076",1,"single bole tree",15.1,"Y",96,4,60,"76mm"
"D18/19","BONA","BONA_072","23_400",25,346.6,14.5,"BENE4","NEON.PLA.D19.BONA.00056",1,"single bole tree",14.9,"N",93.1,4,60,"76mm"
"D18/19","BONA","BONA_072","39_400",41,333.8,8.8,"BENE4","NEON.PLA.D19.BONA.00135",1,"single bole tree",30.6,"Y",504.2,4,109,"76mm"
"D18/19","BONA","BONA_072","39_400",41,269.6,9.4,"BENE4","NEON.PLA.D19.BONA.00132",1,"single bole tree",24.8,"Y",307.8,4,91,"76mm"
"D18/19","BONA","BONA_072","39_400",39,14.7,1,"POTR5","NEON.PLA.D19.BONA.00106",1,"single bole tree",24.3,"Y",219.6,4,89,"76mm"
"D18/19","BONA","BONA_072","39_400",57,96.9,6.2,"PIGL","NEON.PLA.D19.BONA.00105",1,"single bole tree",23,"Y",172.1,4,85,"76mm"
"D18/19","BONA","BONA_072","39_400",59,217.4,1.8,"BENE4","NEON.PLA.D19.BONA.00141",1,"single bole tree",22.9,"Y",255.3,4,85,"76mm"
"D18/19","BONA","BONA_072","39_400",39,13.3,10.7,"BENE4","NEON.PLA.D19.BONA.00116A",2,"multi-bole tree",22.5,"Y",244.9,4,84,"76mm"
"D18/19","BONA","BONA_072","39_400",59,231.9,13.3,"BENE4","NEON.PLA.D19.BONA.00149",1,"single bole tree",22,"Y",232.3,4,82,"76mm"
"D18/19","BONA","BONA_072","39_400",39,40.9,14,"BENE4","NEON.PLA.D19.BONA.00124",1,"single bole tree",19.9,"Y",183.6,4,76,"76mm"
"D18/19","BONA","BONA_072","39_400",41,291.5,5.5,"BENE4","NEON.PLA.D19.BONA.00127",1,"single bole tree",19,"Y",164.7,4,73,"76mm"
"D18/19","BONA","BONA_072","39_400",41,314.7,9.1,"BENE4","NEON.PLA.D19.BONA.00133",1,"multi-bole tree",18.9,"Y",162.6,4,72,"76mm"
"D18/19","BONA","BONA_072","39_400",41,338.5,5.5,"BENE4","NEON.PLA.D19.BONA.00134",1,"single bole tree",18.7,"Y",158.6,4,72,"76mm"
"D18/19","BONA","BONA_072","39_400",59,242.3,12.6,"POTR5","NEON.PLA.D19.BONA.00148",1,"single bole tree",18.5,"Y",112.4,4,71,"76mm"
"D18/19","BONA","BONA_072","39_400",39,74.7,4.2,"BENE4","NEON.PLA.D19.BONA.00109",1,"single bole tree",18.3,"Y",150.8,4,71,"76mm"
"D18/19","BONA","BONA_072","39_400",59,202,6.7,"BENE4","NEON.PLA.D19.BONA.00139",1,"single bole tree",18.3,"Y",150.8,4,71,"76mm"
"D18/19","BONA","BONA_072","39_400",41,281,7.9,"BENE4","NEON.PLA.D19.BONA.00130",1,"single bole tree",18.1,"Y",146.9,4,70,"76mm"
"D18/19","BONA","BONA_072","39_400",39,13.3,10.7,"BENE4","NEON.PLA.D19.BONA.00116",1,"multi-bole tree",18,"Y",145,4,70,"76mm"
"D18/19","BONA","BONA_072","39_400",57,141.4,3.6,"BENE4","NEON.PLA.D19.BONA.00092",1,"single bole tree",17.7,"Y",139.4,4,69,"76mm"
"D18/19","BONA","BONA_072","39_400",39,29.9,10.4,"BENE4","NEON.PLA.D19.BONA.00117",1,"single bole tree",17.7,"Y",139.4,4,69,"76mm"
"D18/19","BONA","BONA_072","39_400",59,266.6,11.7,"BENE4","NEON.PLA.D19.BONA.00146",1,"single bole tree",17.3,"Y",132.1,4,67,"76mm"
"D18/19","BONA","BONA_072","39_400",39,20.1,5.2,"BENE4","NEON.PLA.D19.BONA.00114",1,"single bole tree",17.2,"Y",130.4,4,67,"76mm"
"D18/19","BONA","BONA_072","39_400",59,242,4.9,"BENE4","NEON.PLA.D19.BONA.00142",1,"single bole tree",16.9,"Y",125.1,4,66,"76mm"
"D18/19","BONA","BONA_072","39_400",57,111.7,4.8,"POTR5","NEON.PLA.D19.BONA.00097",1,"single bole tree",16.6,"Y",86.1,4,65,"76mm"
"D18/19","BONA","BONA_072","39_400",57,141.1,3.7,"POTR5","NEON.PLA.D19.BONA.00093",1,"single bole tree",16.5,"Y",84.9,4,65,"76mm"
"D18/19","BONA","BONA_072","39_400",57,169.7,0.8,"BENE4","NEON.PLA.D19.BONA.00088",1,"single bole tree",16.1,"Y",111.6,4,64,"76mm"
"D18/19","BONA","BONA_072","39_400",57,176.2,5.3,"BENE4","NEON.PLA.D19.BONA.00101",1,"single bole tree",15.4,"N",100.6,4,61,"76mm"
"D18/19","BONA","BONA_072","39_400",41,274.3,9.2,"BENE4","NEON.PLA.D19.BONA.00131",1,"single bole tree",15.4,"Y",100.6,4,61,"76mm"
"D18/19","BONA","BONA_072","39_400",57,174.9,3.9,"BENE4","NEON.PLA.D19.BONA.00091",1,"single bole tree",14.8,"N",91.6,4,60,"76mm"
"D18/19","BONA","BONA_072","39_400",57,95.2,2,"BENE4","NEON.PLA.D19.BONA.00094",1,"single bole tree",14.7,"N",90.1,4,59,"76mm"
"D18/19","BONA","BONA_072","39_400",39,41.9,10.8,"BENE4","NEON.PLA.D19.BONA.00119",1,"single bole tree",14.7,"N",90.1,4,59,"76mm"
"D18/19","BONA","BONA_075","21_400",23,344,15.2,"BENE4","NEON.PLA.D19.BONA.00532",1,"single bole tree",32.4,"Y",576.6,4,115,"76mm"
"D18/19","BONA","BONA_075","21_400",21,69.5,11.8,"BENE4","NEON.PLA.D19.BONA.00545",1,"single bole tree",30.4,"Y",496.5,4,109,"76mm"
"D18/19","BONA","BONA_075","21_400",39,159.6,10.3,"BENE4","NEON.PLA.D19.BONA.00558",1,"single bole tree",28.9,"Y",440.8,4,104,"76mm"
"D18/19","BONA","BONA_075","21_400",41,225.5,1.2,"BENE4","NEON.PLA.D19.BONA.00563",1,"single bole tree",27.9,"Y",405.9,4,101,"76mm"
"D18/19","BONA","BONA_075","21_400",21,81.5,7.8,"BENE4","NEON.PLA.D19.BONA.00531",1,"multi-bole tree",26,"Y",343.9,4,95,"76mm"
"D18/19","BONA","BONA_075","21_400",21,34.6,11.2,"BENE4","NEON.PLA.D19.BONA.00553",1,"single bole tree",24.3,"Y",293.4,4,89,"76mm"
"D18/19","BONA","BONA_075","21_400",21,4.6,5.8,"BENE4","NEON.PLA.D19.BONA.00562",1,"single bole tree",22.9,"N",255.3,4,85,"76mm"
"D18/19","BONA","BONA_075","21_400",39,129.1,9.8,"PIMA","NEON.PLA.D19.BONA.00539",1,"single bole tree",22.3,"N",160.2,4,83,"76mm"
"D18/19","BONA","BONA_075","21_400",23,345.9,9.8,"PIGL","NEON.PLA.D19.BONA.00542",1,"single bole tree",22,"N",155.2,4,82,"76mm"
"D18/19","BONA","BONA_075","41_400",59,95.9,5.5,"BENE4","NEON.PLA.D19.BONA.00475",1,"single bole tree",29,"Y",444.4,4,104,"76mm"
"D18/19","BONA","BONA_075","41_400",41,59.4,7.6,"BENE4","NEON.PLA.D19.BONA.00465",1,"single bole tree",28.2,"Y",416.2,4,102,"76mm"
"D18/19","BONA","BONA_075","41_400",61,179.6,7.7,"BENE4","NEON.PLA.D19.BONA.00459",1,"single bole tree",27.2,"Y",382.4,4,98,"76mm"
"D18/19","BONA","BONA_075","41_400",61,207.7,10.4,"BENE4","NEON.PLA.D19.BONA.00461",1,"single bole tree",26.7,"Y",366.1,4,97,"76mm"
"D18/19","BONA","BONA_075","41_400",43,320.6,7.3,"BENE4","NEON.PLA.D19.BONA.00464",1,"single bole tree",24.8,"Y",307.8,4,91,"76mm"
"D18/19","BONA","BONA_075","41_400",59,152.1,8.4,"BENE4","NEON.PLA.D19.BONA.00474",1,"single bole tree",23.9,"N",282.2,4,88,"76mm"
"D18/19","BONA","BONA_077","39_400",57,149,7.1,"PIGL","NEON.PLA.D19.BONA.01835",1,"single bole tree",24.2,"Y",193.7,4,89,"76mm"
"D18/19","BONA","BONA_078","21_400",23,274.7,4,"BENE4","NEON.PLA.D19.BONA.00453",1,"multi-bole tree",30.6,"Y",504.2,4,109,"76mm"
"D18/19","BONA","BONA_078","21_400",41,201.3,6.4,"BENE4","NEON.PLA.D19.BONA.00439",1,"multi-bole tree",25.9,"Y",340.8,4,94,"76mm"
"D18/19","BONA","BONA_078","21_400",21,29.1,14,"BENE4","NEON.PLA.D19.BONA.00430",1,"single bole tree",24.3,"Y",293.4,4,89,"76mm"
"D18/19","BONA","BONA_078","21_400",41,244.5,9.6,"BENE4","NEON.PLA.D19.BONA.00435",1,"multi-bole tree",22.4,"Y",242.4,4,83,"76mm"
"D18/19","BONA","BONA_078","21_400",41,201.3,6.7,"BENE4","NEON.PLA.D19.BONA.00440",1,"single bole tree",22.1,"N",234.8,4,82,"76mm"
"D18/19","BONA","BONA_078","21_400",41,190.8,3,"BENE4","NEON.PLA.D19.BONA.02513",1,"single bole tree",21.6,"N",222.5,4,81,"76mm"
"D18/19","BONA","BONA_078","21_400",21,356,1.1,"BENE4","NEON.PLA.D19.BONA.00418",1,"single bole tree",20.4,"Y",194.6,4,77,"76mm"
"D18/19","BONA","BONA_078","21_400",21,21.6,10.7,"POTR5","NEON.PLA.D19.BONA.00433",1,"single bole tree",19.9,"Y",134.5,4,76,"76mm"
"D18/19","BONA","BONA_078","21_400",41,191.6,4.2,"BENE4","NEON.PLA.D19.BONA.00438",1,"single bole tree",19.3,"Y",170.8,4,74,"76mm"
"D18/19","BONA","BONA_078","21_400",21,77.3,9.5,"POTR5","NEON.PLA.D19.BONA.00424",1,"single bole tree",19.1,"Y",121.6,4,73,"76mm"
"D18/19","BONA","BONA_078","21_400",21,357.9,4.2,"POTR5","NEON.PLA.D19.BONA.00419",1,"single bole tree",18.2,"Y",108,4,70,"76mm"
"D18/19","BONA","BONA_078","21_400",41,199.8,13,"BENE4","NEON.PLA.D19.BONA.00443",1,"single bole tree",17.9,"Y",143.2,4,69,"76mm"
"D18/19","BONA","BONA_078","21_400",21,74.9,12.8,"PIMA","NEON.PLA.D19.BONA.00427",1,"single bole tree",16.3,"Y",77.3,4,64,"76mm"
"D18/19","BONA","BONA_078","21_400",41,216.4,16.4,"BENE4","NEON.PLA.D19.BONA.00446",1,"single bole tree",16.3,"N",114.9,4,64,"76mm"
"D18/19","BONA","BONA_078","21_400",23,330.1,4.3,"PIMA","NEON.PLA.D19.BONA.00357",1,"single bole tree",16.1,"Y",75.2,4,64,"76mm"
"D18/19","BONA","BONA_078","21_400",21,84.1,12.3,"PIMA","NEON.PLA.D19.BONA.00426",1,"single bole tree",15.6,"Y",69.8,4,62,"76mm"
"D18/19","BONA","BONA_078","39_400",39,19.8,5.4,"BENE4","NEON.PLA.D19.BONA.00702",1,"single bole tree",28.1,"Y",412.7,4,101,"76mm"
"D18/19","BONA","BONA_078","39_400",59,179.3,6.4,"BENE4","NEON.PLA.D19.BONA.00729",1,"single bole tree",27,"Y",375.8,4,98,"76mm"
"D18/19","BONA","BONA_078","39_400",57,139.2,8.7,"BENE4","NEON.PLA.D19.BONA.00395",1,"single bole tree",25,"Y",313.7,4,92,"76mm"
"D18/19","BONA","BONA_078","39_400",41,296.9,7.1,"BENE4","NEON.PLA.D19.BONA.00719",1,"single bole tree",24.6,"Y",302,4,90,"76mm"
"D18/19","BONA","BONA_078","39_400",57,105.8,0.6,"BENE4","NEON.PLA.D19.BONA.00397",1,"single bole tree",22.9,"Y",255.3,4,85,"76mm"
"D18/19","BONA","BONA_078","39_400",41,340,7.7,"BENE4","NEON.PLA.D19.BONA.00725",1,"single bole tree",22.5,"Y",244.9,4,84,"76mm"
"D18/19","BONA","BONA_078","39_400",39,83.8,9.5,"BENE4","NEON.PLA.D19.BONA.00711",1,"single bole tree",20.3,"Y",192.4,4,77,"76mm"
"D18/19","BONA","BONA_078","39_400",57,152.7,6.3,"BENE4","NEON.PLA.D19.BONA.00400",1,"single bole tree",20,"Y",185.7,4,76,"76mm"
"D18/19","BONA","BONA_078","39_400",57,152.7,6.7,"BENE4","NEON.PLA.D19.BONA.00701",1,"single bole tree",20,"Y",185.7,4,76,"76mm"
"D18/19","BONA","BONA_078","39_400",59,185.7,4.4,"PIMA","NEON.PLA.D19.BONA.00732",1,"single bole tree",20,"Y",124.4,4,76,"76mm"
"D18/19","BONA","BONA_078","39_400",39,49,4.5,"BENE4","NEON.PLA.D19.BONA.00704",1,"single bole tree",19.3,"Y",170.8,4,74,"76mm"
"D18/19","BONA","BONA_078","39_400",41,337.7,8.2,"BENE4","NEON.PLA.D19.BONA.00724",1,"single bole tree",18.2,"Y",148.8,4,70,"76mm"
"D18/19","BONA","BONA_078","39_400",39,72,8.1,"BENE4","NEON.PLA.D19.BONA.00709",1,"single bole tree",18.1,"Y",146.9,4,70,"76mm"
"D18/19","BONA","BONA_078","39_400",39,50.7,13.6,"BENE4","NEON.PLA.D19.BONA.00715",1,"single bole tree",18.1,"Y",146.9,4,70,"76mm"
"D18/19","BONA","BONA_078","39_400",41,279.7,2.9,"BENE4","NEON.PLA.D19.BONA.00721",1,"single bole tree",17.8,"Y",141.3,4,69,"76mm"
"D18/19","BONA","BONA_078","39_400",39,66.6,6.3,"BENE4","NEON.PLA.D19.BONA.00705",1,"single bole tree",17.6,"Y",137.6,4,68,"76mm"
"D18/19","BONA","BONA_078","39_400",41,355.6,10.5,"BENE4","NEON.PLA.D19.BONA.00728",1,"single bole tree",17.2,"Y",130.4,4,67,"76mm"
"D18/19","BONA","BONA_078","39_400",39,84.7,9.3,"BENE4","NEON.PLA.D19.BONA.00710",1,"single bole tree",16.4,"Y",116.6,4,65,"76mm"
"D18/19","BONA","BONA_078","39_400",57,105.7,4.8,"BENE4","NEON.PLA.D19.BONA.00398",1,"single bole tree",15.9,"Y",108.4,4,63,"76mm"
"D18/19","BONA","BONA_078","39_400",39,58.6,8.5,"BENE4","NEON.PLA.D19.BONA.00706",1,"multi-bole tree",15.9,"Y",108.4,4,63,"76mm"
"D18/19","BONA","BONA_078","39_400",39,60,10.6,"BENE4","NEON.PLA.D19.BONA.00712",1,"single bole tree",15.6,"N",103.6,4,62,"76mm"
"D18/19","BONA","BONA_078","39_400",39,59.4,12.8,"PIMA","NEON.PLA.D19.BONA.00716",1,"single bole tree",15.6,"N",69.8,4,62,"76mm"
"D18/19","BONA","BONA_078","39_400",39,68,8.1,"PIMA","NEON.PLA.D19.BONA.00708",1,"single bole tree",15,"N",63.8,4,60,"76mm"
"D18/19","BONA","BONA_078","39_400",59,249.7,7.6,"BENE4","NEON.PLA.D19.BONA.00734",1,"single bole tree",14.7,"N",90.1,4,59,"76mm"
"D18/19","BONA","BONA_079","21_400",39,164,9,"BENE4","NEON.PLA.D19.BONA.00693",1,"single bole tree",28.1,"Y",412.7,4,101,"76mm"
"D18/19","BONA","BONA_079","21_400",23,295.2,10.6,"POTR5","NEON.PLA.D19.BONA.00233",1,"single bole tree",27.3,"Y",292.3,4,99,"76mm"
"D18/19","BONA","BONA_079","21_400",39,144.2,3.9,"BENE4","NEON.PLA.D19.BONA.00700",1,"single bole tree",27.2,"Y",382.4,4,98,"76mm"
"D18/19","BONA","BONA_079","21_400",21,77.7,10.7,"BENE4","NEON.PLA.D19.BONA.00656",1,"single bole tree",25.1,"Y",316.6,4,92,"76mm"
"D18/19","BONA","BONA_079","21_400",41,208.5,10.3,"BENE4","NEON.PLA.D19.BONA.00249",1,"single bole tree",22.5,"N",244.9,4,84,"76mm"
"D18/19","BONA","BONA_079","21_400",23,329.4,9.3,"POTR5","NEON.PLA.D19.BONA.00603",1,"single bole tree",22.4,"N",179.8,4,83,"76mm"
"D18/19","BONA","BONA_079","41_400",61,245.5,9.9,"PIGL","NEON.PLA.D19.BONA.00172",1,"single bole tree",27.9,"Y",269.6,4,101,"76mm"
"D18/19","BONA","BONA_079","41_400",61,257,8.6,"BENE4","NEON.PLA.D19.BONA.00175",1,"single bole tree",26.9,"Y",372.5,4,98,"76mm"
"D18/19","BONA","BONA_079","41_400",43,270,5.9,"BENE4","NEON.PLA.D19.BONA.00184",1,"multi-bole tree",26.8,"Y",369.3,4,97,"76mm"
"D18/19","BONA","BONA_079","41_400",61,226.9,14,"BENE4","NEON.PLA.D19.BONA.00170",1,"single bole tree",24.2,"Y",290.6,4,89,"76mm"
"D18/19","BONA","BONA_079","41_400",43,315.4,10.2,"BENE4","NEON.PLA.D19.BONA.00192",1,"single bole tree",24.1,"Y",287.8,4,89,"76mm"
"D18/19","BONA","BONA_079","41_400",41,48,12.7,"BENE4","NEON.PLA.D19.BONA.00243",1,"single bole tree",22,"N",232.3,4,82,"76mm"
"D18/19","BONA","BONA_082","21_400",21,81,4.5,"BENE4","NEON.PLA.D19.BONA.01136",NA,"single bole tree",33.5,"N",623.6,4,118,"76mm"
"D18/19","BONA","BONA_082","21_400",21,81,4.5,"BENE4","NEON.PLA.D19.BONA.01136",NA,"single bole tree",33.1,"N",606.3,4,117,"76mm"
"D18/19","BONA","BONA_082","21_400",23,275.8,9.4,"BENE4","NEON.PLA.D19.BONA.01138",NA,"single bole tree",27.9,"N",405.9,4,101,"76mm"
"D18/19","BONA","BONA_082","21_400",23,275.8,9.4,"BENE4","NEON.PLA.D19.BONA.01138",NA,"single bole tree",27.9,"N",405.9,4,101,"76mm"
"D18/19","BONA","BONA_082","21_400",39,139.5,7.1,"BENE4","NEON.PLA.D19.BONA.01131",NA,"single bole tree",26.2,"N",350.2,4,95,"76mm"
"D18/19","BONA","BONA_082","21_400",39,139.5,7.1,"BENE4","NEON.PLA.D19.BONA.01131",NA,"single bole tree",26.2,"N",350.2,4,95,"76mm"
"D18/19","BONA","BONA_082","21_400",41,231.8,7.8,"POTR5","NEON.PLA.D19.BONA.01122",NA,"single bole tree",25.2,"N",240.2,4,92,"76mm"
"D18/19","BONA","BONA_082","21_400",41,231.8,7.8,"POTR5","NEON.PLA.D19.BONA.01122",NA,"single bole tree",25.2,"N",240.2,4,92,"76mm"
"D18/19","BONA","BONA_082","21_400",41,236.3,12.4,"BENE4","NEON.PLA.D19.BONA.01129",NA,"single bole tree",22.5,"N",244.9,4,84,"76mm"
"D18/19","BONA","BONA_082","21_400",41,236.3,12.4,"BENE4","NEON.PLA.D19.BONA.01129",NA,"single bole tree",22.5,"N",244.9,4,84,"76mm"
"D18/19","BONA","BONA_082","41_400",59,174.2,11.2,"POTR5","NEON.PLA.D19.BONA.01002",NA,"single bole tree",172,"N",26867.2,7.5,564,"127mm"
"D18/19","BONA","BONA_082","41_400",43,270.4,2.3,"BENE4","NEON.PLA.D19.BONA.01171",NA,"single bole tree",22.3,"N",239.8,4,83,"76mm"
"D18/19","BONA","BONA_082","41_400",43,270.4,2.3,"BENE4","NEON.PLA.D19.BONA.01171",NA,"single bole tree",22.3,"N",239.8,4,83,"76mm"
"D18/19","BONA","BONA_082","41_400",59,101,7.2,"BENE4","NEON.PLA.D19.BONA.01182",NA,"single bole tree",22,"N",232.3,4,82,"76mm"
"D18/19","BONA","BONA_082","41_400",59,101,7.2,"BENE4","NEON.PLA.D19.BONA.01182",NA,"single bole tree",22,"N",232.3,4,82,"76mm"
"D18/19","BONA","BONA_084","39_400",57,174.8,10.1,"POTR5","NEON.PLA.D19.BONA.01224",1,"single bole tree",24.2,"Y",217.4,4,89,"76mm"
"D18/19","BONA","BONA_084","39_400",57,112.8,1.6,"POTR5","NEON.PLA.D19.BONA.01215",1,"single bole tree",22.9,"Y",189.9,4,85,"76mm"
"D18/19","BONA","BONA_084","39_400",39,49.9,11.2,"POTR5","NEON.PLA.D19.BONA.01237",1,"single bole tree",22.5,"Y",181.8,4,84,"76mm"
"D18/19","BONA","BONA_084","39_400",39,80.4,9.8,"POTR5","NEON.PLA.D19.BONA.01239",1,"single bole tree",19.6,"Y",129.6,4,75,"76mm"
"D18/19","BONA","BONA_084","39_400",39,68.7,5.8,"POTR5","NEON.PLA.D19.BONA.01229",1,"single bole tree",19.3,"Y",124.7,4,74,"76mm"
"D18/19","BONA","BONA_084","39_400",57,106.1,6.7,"POTR5","NEON.PLA.D19.BONA.01217",1,"single bole tree",19,"Y",120,4,73,"76mm"
"D18/19","BONA","BONA_084","39_400",57,109.9,7.1,"POTR5","NEON.PLA.D19.BONA.01218",1,"single bole tree",18.9,"Y",118.5,4,72,"76mm"
"D18/19","BONA","BONA_084","39_400",39,39,6,"POTR5","NEON.PLA.D19.BONA.03928",1,"single bole tree",18.8,"N",116.9,4,72,"76mm"
"D18/19","BONA","BONA_084","39_400",59,230.8,8.7,"POTR5","NEON.PLA.D19.BONA.01266",1,"single bole tree",18.5,"Y",112.4,4,71,"76mm"
"D18/19","BONA","BONA_084","39_400",41,302.4,10.4,"POTR5","NEON.PLA.D19.BONA.01285",1,"single bole tree",18.4,"Y",110.9,4,71,"76mm"
"D18/19","BONA","BONA_084","39_400",57,141.7,7.6,"POTR5","NEON.PLA.D19.BONA.01220",1,"multi-bole tree",18.1,"Y",106.5,4,70,"76mm"
"D18/19","BONA","BONA_084","39_400",39,29.7,6.5,"POTR5","NEON.PLA.D19.BONA.01231",1,"single bole tree",18.1,"Y",106.5,4,70,"76mm"
"D18/19","BONA","BONA_084","39_400",59,226.1,7.8,"POTR5","NEON.PLA.D19.BONA.01263",1,"single bole tree",18.1,"Y",106.5,4,70,"76mm"
"D18/19","BONA","BONA_084","39_400",41,312.3,6.2,"POTR5","NEON.PLA.D19.BONA.01271",1,"single bole tree",17.6,"Y",99.5,4,68,"76mm"
"D18/19","BONA","BONA_084","39_400",41,300,10.8,"PIGL","NEON.PLA.D19.BONA.01273",1,"single bole tree",17.4,"N",90,4,68,"76mm"
"D18/19","BONA","BONA_084","39_400",57,140.4,6.6,"POTR5","NEON.PLA.D19.BONA.01219",1,"single bole tree",17.3,"Y",95.3,4,67,"76mm"
"D18/19","BONA","BONA_084","39_400",57,156.8,9.7,"POTR5","NEON.PLA.D19.BONA.01223",1,"single bole tree",17.1,"Y",92.7,4,67,"76mm"
"D18/19","BONA","BONA_084","39_400",57,125.1,4.8,"POTR5","NEON.PLA.D19.BONA.01216",1,"single bole tree",16.7,"Y",87.4,4,65,"76mm"
"D18/19","BONA","BONA_084","39_400",39,41.6,5.8,"POTR5","NEON.PLA.D19.BONA.01230",1,"single bole tree",15.8,"N",76.3,4,63,"76mm"
"D18/19","BONA","BONA_084","39_400",39,46.9,7.8,"POTR5","NEON.PLA.D19.BONA.01234",1,"single bole tree",15.7,"N",75.1,4,62,"76mm"
"D18/19","BONA","BONA_084","39_400",39,35.4,9.1,"POTR5","NEON.PLA.D19.BONA.01235",1,"single bole tree",15.5,"Y",72.8,4,62,"76mm"
"D18/19","BONA","BONA_084","39_400",41,337.3,8.9,"POTR5","NEON.PLA.D19.BONA.01261",1,"single bole tree",15.2,"N",69.4,4,61,"76mm"
"D18/19","BONA","BONA_084","39_400",41,343,6.9,"POTR5","NEON.PLA.D19.BONA.01260",1,"single bole tree",15.1,"N",68.3,4,60,"76mm"
"D18/19","BONA","BONA_084","39_400",57,126.5,11.7,"POTR5","NEON.PLA.D19.BONA.01226",1,"single bole tree",14.8,"N",65,4,60,"76mm"
"D18/19","BONA","BONA_084","39_400",57,184,1.6,"POTR5","NEON.PLA.D19.BONA.03913Z",1,"single bole tree",14.6,"N",62.9,4,59,"76mm"
"D18/19","BONA","BONA_084","41_400",41,83.5,13.9,"BENE4","NEON.PLA.D19.BONA.00994",1,"multi-bole tree",30.6,"Y",504.2,4,109,"76mm"
"D18/19","BONA","BONA_084","41_400",43,351.5,6,"POTR5","NEON.PLA.D19.BONA.00990",1,"single bole tree",30.2,"Y",374.6,4,108,"76mm"
"D18/19","BONA","BONA_084","41_400",59,153.2,10.5,"PIGL","NEON.PLA.D19.BONA.01207",1,"single bole tree",28.8,"Y",290.3,4,103,"76mm"
"D18/19","BONA","BONA_084","41_400",43,331.9,7.8,"POTR5","NEON.PLA.D19.BONA.00988",1,"single bole tree",28.3,"Y",319.4,4,102,"76mm"
"D18/19","BONA","BONA_084","41_400",59,129.5,0.5,"POTR5","NEON.PLA.D19.BONA.01279",1,"single bole tree",23.9,"Y",210.9,4,88,"76mm"
"D18/19","BONA","BONA_084","41_400",61,243,19.2,"POTR5","NEON.PLA.D19.BONA.01209",1,"single bole tree",23.3,"N",198.1,4,86,"76mm"
"D18/19","BONA","BONA_084","41_400",41,77.4,6.5,"POTR5","NEON.PLA.D19.BONA.00995",1,"single bole tree",23.2,"Y",196,4,86,"76mm"
"D18/19","BONA","BONA_084","41_400",59,122.2,2.9,"POTR5","NEON.PLA.D19.BONA.01277",1,"single bole tree",23.2,"Y",196,4,86,"76mm"
"D18/19","BONA","BONA_084","41_400",61,198.6,4.7,"POTR5","NEON.PLA.D19.BONA.00967",1,"single bole tree",22.3,"Y",177.9,4,83,"76mm"
"D18/19","BONA","BONA_084","41_400",59,151.4,9.4,"POTR5","NEON.PLA.D19.BONA.01206",1,"single bole tree",22.3,"Y",177.9,4,83,"76mm"
"D18/19","BONA","BONA_084","41_400",61,206.8,3.4,"POTR5","NEON.PLA.D19.BONA.00965",1,"multi-bole tree",22.2,"Y",175.9,4,83,"76mm"
"D18/19","BONA","BONA_084","41_400",61,259.4,11.5,"POTR5","NEON.PLA.D19.BONA.00975",1,"single bole tree",22.2,"Y",175.9,4,83,"76mm"
"D18/19","BONA","BONA_084","41_400",41,52,6,"POTR5","NEON.PLA.D19.BONA.02702",1,"single bole tree",22.2,"N",175.9,4,83,"76mm"
"D18/19","BONA","BONA_084","41_400",61,236.5,6.1,"POTR5","NEON.PLA.D19.BONA.00969",1,"multi-bole tree",22.1,"Y",174,4,82,"76mm"
"D18/19","BONA","BONA_084","41_400",NA,NA,NA,"POTR5","NEON.PLA.D19.BONA.00969A",2,"multi-bole tree",22.1,"Y",174,4,82,"76mm"
"D18/19","BONA","BONA_084","41_400",61,250.4,13.7,"POTR5","NEON.PLA.D19.BONA.00976",1,"single bole tree",20.6,"Y",146.4,4,78,"76mm"
"D18/19","BONA","BONA_084","41_400",59,151.6,7.9,"POTR5","NEON.PLA.D19.BONA.01208",1,"single bole tree",19.1,"Y",121.6,4,73,"76mm"
"D18/19","BONA","BONA_084","41_400",43,308.7,11.2,"POTR5","NEON.PLA.D19.BONA.00983",1,"single bole tree",18.8,"Y",116.9,4,72,"76mm"
"D18/19","BONA","BONA_084","41_400",43,296.4,13.9,"POTR5","NEON.PLA.D19.BONA.00986",1,"single bole tree",18.8,"Y",116.9,4,72,"76mm"
"D18/19","BONA","BONA_084","41_400",43,301.4,14.2,"POTR5","NEON.PLA.D19.BONA.00985",1,"single bole tree",18.5,"Y",112.4,4,71,"76mm"
"D18/19","BONA","BONA_084","41_400",61,239.7,11.8,"POTR5","NEON.PLA.D19.BONA.00974",1,"single bole tree",18.4,"Y",110.9,4,71,"76mm"
"D18/19","BONA","BONA_084","41_400",59,110.8,5,"PIGL","NEON.PLA.D19.BONA.01280",1,"single bole tree",18.1,"Y",98.7,4,70,"76mm"
"D18/19","BONA","BONA_084","41_400",61,211.8,6.2,"POTR5","NEON.PLA.D19.BONA.00968",1,"single bole tree",16.8,"Y",88.7,4,66,"76mm"
"D18/19","BONA","BONA_084","41_400",43,330.8,6,"BENE4","NEON.PLA.D19.BONA.00992",1,"single bole tree",15.8,"Y",106.8,4,63,"76mm"
"D18/19","BONA","BONA_084","41_400",59,107.6,4.1,"POTR5","NEON.PLA.D19.BONA.01278",1,"single bole tree",15.6,"Y",74,4,62,"76mm"
"D18/19","BONA","BONA_084","41_400",41,23.4,7.4,"POTR5","NEON.PLA.D19.BONA.01202",1,"single bole tree",15.4,"N",71.6,4,61,"76mm"
"D18/19","BONA","BONA_084","41_400",41,2.3,8.4,"BENE4","NEON.PLA.D19.BONA.01205",1,"single bole tree",15.2,"N",97.5,4,61,"76mm"
"D18/19","BONA","BONA_084","41_400",59,128,3.8,"POTR5","NEON.PLA.D19.BONA.02705",1,"single bole tree",15.1,"N",68.3,4,60,"76mm"
"D18/19","BONA","BONA_084","41_400",43,326.7,9,"POTR5","NEON.PLA.D19.BONA.00982",1,"single bole tree",15,"N",67.2,4,60,"76mm"
"D18/19","BONA","BONA_087","21_400",41,199.4,5.8,"BENE4","NEON.PLA.D19.BONA.01075",NA,"single bole tree",25.8,"N",337.7,4,94,"76mm"
"D18/19","BONA","BONA_087","21_400",41,199.4,5.8,"BENE4","NEON.PLA.D19.BONA.01075",NA,"single bole tree",25.8,"N",337.7,4,94,"76mm"
"D18/19","BONA","BONA_087","23_400",43,244.4,10.7,"BENE4","NEON.PLA.D19.BONA.01636",NA,"single bole tree",27.3,"N",385.7,4,99,"76mm"
"D18/19","BONA","BONA_087","23_400",43,244.4,10.7,"BENE4","NEON.PLA.D19.BONA.01636",NA,"single bole tree",27.3,"N",385.7,4,99,"76mm"
"D18/19","BONA","BONA_088","41_400",59,119,5.4,"BENE4","NEON.PLA.D19.BONA.02440",1,"single bole tree",147,"N",20089.2,7.5,486,"127mm"
"D18/19","BONA","BONA_088","41_400",59,177,7,"BENE4","NEON.PLA.D19.BONA.02437",NA,"single bole tree",23.4,"N",268.5,4,87,"76mm"
"D18/19","BONA","BONA_088","41_400",59,177,7,"BENE4","NEON.PLA.D19.BONA.02437",1,"single bole tree",23.4,"N",268.5,4,87,"76mm"
"D18/19","BONA","BONA_089","39_400",57,175.5,5.6,"POTR5","NEON.PLA.D19.BONA.02125",NA,"single bole tree",28.4,"N",322.1,4,102,"76mm"
"D18/19","BONA","BONA_089","39_400",57,175.5,5.6,"POTR5","NEON.PLA.D19.BONA.02125",1,"single bole tree",28.4,"N",322.1,4,102,"76mm"
"D18/19","BONA","BONA_089","39_400",59,204,12.9,"POTR5","NEON.PLA.D19.BONA.02144",1,"single bole tree",23.6,"N",204.4,4,87,"76mm"
"D18/19","BONA","BONA_089","39_400",59,204,12.9,"POTR5","NEON.PLA.D19.BONA.02144",NA,"single bole tree",23.6,"N",204.4,4,87,"76mm"
"D18/19","BONA","BONA_089","41_400",41,42,7.3,"POTR5","NEON.PLA.D19.BONA.02014",1,"single bole tree",52,"N",1423,7.5,187,"127mm"
"D18/19","BONA","BONA_089","41_400",41,42,7.3,"POTR5","NEON.PLA.D19.BONA.02014",NA,"single bole tree",52,"N",1423,7.5,187,"127mm"
"D18/19","BONA","BONA_089","41_400",59,168,8.3,"POTR5","NEON.PLA.D19.BONA.02025",1,"single bole tree",29.7,"N",359.6,4,106,"76mm"
"D18/19","BONA","BONA_089","41_400",59,168,8.3,"POTR5","NEON.PLA.D19.BONA.02025",NA,"single bole tree",29.7,"N",359.6,4,106,"76mm"
"D18/19","BONA","BONA_089","41_400",61,186,11.6,"PIGL","NEON.PLA.D19.BONA.02044",1,"single bole tree",29.6,"N",309.3,4,106,"76mm"
"D18/19","BONA","BONA_089","41_400",41,48,11.8,"POTR5","NEON.PLA.D19.BONA.02019",1,"single bole tree",28.5,"N",324.9,4,103,"76mm"
"D18/19","BONA","BONA_089","41_400",41,48,11.8,"POTR5","NEON.PLA.D19.BONA.02019",NA,"single bole tree",28.5,"N",324.9,4,103,"76mm"
"D18/19","BONA","BONA_089","41_400",41,47,10.3,"POTR5","NEON.PLA.D19.BONA.02021",1,"single bole tree",24.1,"N",215.2,4,89,"76mm"
"D18/19","BONA","BONA_089","41_400",41,47,10.3,"POTR5","NEON.PLA.D19.BONA.02021",NA,"single bole tree",24.1,"N",215.2,4,89,"76mm"
"D18/19","BONA","BONA_089","41_400",59,120,10.7,"PIGL","NEON.PLA.D19.BONA.02030",1,"single bole tree",22.4,"N",161.9,4,83,"76mm"
"D18/19","BONA","BONA_093","39_400",59,192.8,2.9,"PIMA","NEON.PLA.D19.BONA.04576",NA,"single bole tree",32.3,"N",378.9,4,114,"76mm"
"D18/19","BONA","BONA_093","39_400",57,107.7,2,"BENE4","NEON.PLA.D19.BONA.04586",NA,"single bole tree",31.7,"N",547.8,4,113,"76mm"
"D18/19","BONA","BONA_093","39_400",57,106.6,8.8,"BENE4","NEON.PLA.D19.BONA.04579",NA,"multi-bole tree",29.6,"N",466.3,4,106,"76mm"
"D18/19","BONA","BONA_093","39_400",39,33,8,"BENE4","NEON.PLA.D19.BONA.04570",NA,"multi-bole tree",28.1,"N",412.7,4,101,"76mm"
"D18/19","BONA","BONA_093","39_400",59,205.6,11,"PIMA","NEON.PLA.D19.BONA.04574",NA,"single bole tree",27,"N",249.8,4,98,"76mm"
"D18/19","BONA","BONA_093","39_400",39,30.9,8.1,"BENE4","NEON.PLA.D19.BONA.04570A",NA,"multi-bole tree",26.2,"N",350.2,4,95,"76mm"
"D18/19","BONA","BONA_093","39_400",57,155,10.8,"PIMA","NEON.PLA.D19.BONA.04587",NA,"single bole tree",24.9,"N",207,4,91,"76mm"
"D18/19","BONA","BONA_093","39_400",41,329.2,4.1,"PIMA","NEON.PLA.D19.BONA.03597",NA,"single bole tree",24.6,"N",201.2,4,90,"76mm"
